Politik,2021-03-04 20:30:43,Verzicht auf Grenzkontrollen: Wie Merkel und die Saar-Connection Macron schützten
Wissenschaft,2021-03-04 20:00:07,Neuer Exoplanet: Astronomen entdecken Super-Venus
Politik,2021-03-04 19:56:26,AfD und der Verfassungsschutz: In den Abgrund
Wirtschaft,2021-03-04 19:55:40,Steigende Kapitalmarktzinsen: US-Notenbank greift vorerst nicht ein
Politik,2021-03-04 19:51:38,Rettungseinsätze im Mittelmeer: Italienische Staatsanwaltschaft klagt 21 Seenotretter an
Kultur,2021-03-04 19:49:49,Zum Tod von Katharina Matz: Letzte Wahrheiten
Panorama,2021-03-04 19:33:06,Gerichtsentscheidungen zu Prüfungen: Studenten in Kiel und Hagen müssen Onlineüberwachung dulden
Kultur,2021-03-04 19:31:24,Zum »Sportschau«-Abschied von Matthias Opdenhövel: Chamäleon der Freundlichkeit
Politik,2021-03-04 19:15:22,Corona-Kurs der Regierung: »Na, das kann ja was werden«
Politik,2021-03-04 19:15:00,Koh Samui in der Pandemie: Ist noch jemand da?
Politik,2021-03-04 19:05:19,Die Lage am Abend: Shrek gegen Schlumpf
Panorama,2021-03-04 19:03:00,Corona-Verharmloser: »Captain Future« will, dass es wird wie früher
Panorama,2021-03-04 18:59:20,Deutschland im Shutdown: Mobilität steigt fast auf Vor-Corona-Niveau
Politik,2021-03-04 18:39:00,Nicola Zingaretti: Chef der italienischen Sozialdemokraten tritt zurück
Wirtschaft,2021-03-04 18:22:45,Verlängerung gedrosselter Förderung: Ölpreise steigen kräftig
Wirtschaft,2021-03-04 18:22:32,Strategie bis 2030: Kritik am EU-Masterplan gegen die Armut
Kultur,2021-03-04 18:18:38,Neue irre Thriller: Wie durchgeknallt dürfen Serien sein?
Kultur,2021-03-04 18:15:07,Countrysängerin Dolly Parton: Eine für alle
Wirtschaft,2021-03-04 18:14:12,Greensill-Finanzskandal wird zum Politdrama: Der nächste Fall Wirecard?
Politik,2021-03-04 18:04:28,Papst Franziskus im Irak: Reise ins Risiko
Politik,2021-03-04 18:00:51,Schweden: Polizei schließt Terrormotiv nach Messerattacke aus
Politik,2021-03-04 17:54:38,Teil der Ukraine für russischen Impfstoff: Slowakischer Premier entschuldigt sich nach zweifelhaftem Tauschangebot
Wissenschaft,2021-03-04 17:46:51,Erdbebenserie in Island: Experten warnen vor möglichem Vulkanausbruch
Fitness,2021-03-04 17:46:22,Fitness unter Corona-Bedingungen: Was man beim Joggen mit Maske beachten sollte
Politik,2021-03-04 17:10:40,Einspruch der Justizbehörde: 47 Hongkonger Oppositionelle bleiben vorerst in Haft
Geschichte,2021-03-04 17:05:57,Kinderrepubliken: Möge die Macht mit euch sein
Wirtschaft,2021-03-04 17:02:33,»Gender-Pay-Gap«: Firmen in der EU sollen Lohnunterschiede veröffentlichen
Sport,2021-03-04 17:01:03,Datenanalyse im Skispringen: Ist Eisenbichler zu alt für den WM-Titel?
Sport,2021-03-04 16:59:34,Extremreise: Warum fährt dieser Italiener mit dem Rad durch den Himalaja?
Politik,2021-03-04 16:49:29,Hass auf Politikerinnen: »Du Kommunistenschlampe bist bald genauso tot wie Walter Lübcke«
Wirtschaft,2021-03-04 16:49:16,Zu späte Reaktion: Heftige Kritik an Bafin wegen Greensill-Debakel
Politik,2021-03-04 16:31:00,EU-Mechanismus: Italien verbietet Export von AstraZeneca-Impfstoff
Politik,2021-03-04 16:30:40,Streit in der Bund-Länder-Runde: Klingbeil spottet über Söders Schlumpf-Attacke
Wirtschaft,2021-03-04 16:28:00,Lockerungspläne: DIW-Chef wirft Regierung Versagen vor
Panorama,2021-03-04 16:12:29,Tsunamiwarnung ausgerufen: Heftiges Erdbeben der Stärke 7,2 erschüttert Neuseeland
Wissenschaft,2021-03-04 16:04:16,Wissenschaftler warnen vor Corona-Jo-Jo: Anfang April fangen wir wieder von vorn an
Sport,2021-03-04 15:52:59,Überraschung in der Nordischen Kombination: Ein 19-Jähriger schlägt den Dominator
Panorama,2021-03-04 15:46:01,Legendärer TV-Auftritt 1995: Britische Polizei lehnt Untersuchung von Lady-Di-Interview ab
Wirtschaft,2021-03-04 17:41:00,Lahme Corona-Maßnahmen: Deutschlands Wirtschaft will sich selbst impfen
Panorama,2021-03-04 15:37:53,Lockerungen bei Schulen: »Gefährliche Scheinsicherheit«
Politik,2021-03-04 15:37:32,Gericht in Koblenz: Bewährungsstrafe für IS-Rückkehrerin
Wirtschaft,2021-03-04 15:32:27,Zukunft der Lufthansa: Die goldenen Zeiten für Geschäftsreisende sind vorbei
Kultur,2021-03-04 15:13:55,Sophie Passmann in der Büchershow »Spitzentitel«: »Wie wärs, wenn ich heute mal richtig Leute ärgere?«
Politik,2021-03-04 14:55:58,Nordirland: Brexitstreit wird zur Belastung für Friedensabkommen
Politik,2021-03-04 14:53:37,Äußerungen über Aserbaidschan: Bundestag hebt Immunität von CDU-Abgeordnetem Fischer auf
Netzwelt,2021-03-04 15:46:00,Digitale Kontaktnachverfolgung: Bund und Länder erwägen Einsatz der Luca-App
Politik,2021-03-04 14:42:06,Undurchsichtige Rüstungsgeschäfte: Frankreichs Ex-Premier Balladur in Schmiergeldaffäre freigesprochen
Wirtschaft,2021-03-04 14:35:34,Kooperation: Novartis produziert Corona-Impfstoff von Curevac
Sport,2021-03-04 15:23:00,Kiels Lee Jae-sung im DFB-Pokal: Ein außergewöhnlicher Spieler in einer außergewöhnlichen Mannschaft
Politik,2021-03-04 14:30:00,Koalitionskompromiss: Lobbyregister soll Politik ein bisschen transparenter machen
Politik,2021-03-04 14:25:13,Bayerns Ministerpräsident: Söder verteidigt Lockerung der Corona-Regeln
Panorama,2021-03-04 14:20:38,Südafrika: Behörden nach Massenausbruch von Krokodilen besorgt
Wissenschaft,2021-03-04 14:12:46,Europas Green Deal: Der 300-Millionen-Tonnen-Streit
Sport,2021-03-04 14:12:10,Millionenstreit zwischen Lewandowski und ehemaligen Beratern: »Ich wollte kein Affentheater«
Sport,2021-03-04 14:09:13,Drohende Nachzahlungen in Millionenhöhe: FC Barcelona verliert vor EuGH Streit um Steuervorteile
Job & Karriere,2021-03-04 14:06:11,Wie Personaler auf Sie aufmerksam werden: So füttern Sie Xing und LinkedIn richtig
Sport,2021-03-04 14:01:56,In eigener Sache: Warum Lewandowski in seiner Zeugenaussage den Namen eines SPIEGEL-Reporters nannte
Panorama,2021-03-04 14:42:00,Gerichtsbeschluss zu Impfpriorisierung: »Es ist ein Glücksspiel«
Wirtschaft,2021-03-04 15:17:00,Lufthansa-Bilanz 2020: »Die Gerechtigkeitsfrage kann man natürlich stellen«
Sport,2021-03-04 13:44:00,Herpesvirus im Reitsport: Der Horror von Valencia und die Folgen
Sport,2021-03-04 13:39:00,Affäre um Robert Lewandowski: Wie aus geheimen Gesprächsmitschnitten ein Fußballkrimi wurde
Politik,2021-03-04 13:27:32,»Epidemische Lage«: Bundestag verlängert Corona-Befugnisse der Regierung bis Juli
Politik,2021-03-04 13:07:00,Pressekonferenz: Das sagt Markus Söder zu den aktuellen Corona-Beschlüssen
Wissenschaft,2021-03-04 15:17:00,Covid-19-Impfstoff: Impfkommission empfiehlt AstraZeneca jetzt auch für Menschen über 65
Kultur,2021-03-04 12:46:20,Neue Moderatorin: Sedlaczek löst Opdenhövel bei der »Sportschau« ab
Panorama,2021-03-04 12:43:00,Niederlande: Prozess gegen Vater von isolierter Familie eingestellt
Netzwelt,2021-03-04 12:42:00,Account deaktiviert: Alec Baldwin bezeichnet Twitter als Plattform für »Arschlöcher«
Politik,2021-03-04 15:18:00,Krieg in Äthiopien: Uno berichtet von mehr als hundert Vergewaltigungen
Wirtschaft,2021-03-04 12:29:19,Produktionsrückgänge in Erzeugerländern: Lebensmittel weltweit so teuer wie zuletzt 2014
Panorama,2021-03-04 12:29:00,Britisches Königshaus: Mobbing von Personal? Meghan weist Vorwürfe zurück
Panorama,2021-03-04 15:16:00,Geringe Diversität: Mehr als drei Viertel der deutschen Hochschulleitungen sind männlich
Politik,2021-03-04 12:05:28,Beschlüsse von Bund und Ländern: Verstehen Sie den Corona-Stufenplan?
Netzwelt,2021-03-04 12:04:31,Nutzerdaten für Werbung: Google bekräftigt Abkehr vom Cookie-Tracking
Panorama,2021-03-04 11:55:33,Statistik für 2020: 53 Prozent der Neugeborenen haben schon bei der Geburt Geschwister
Politik,2021-03-04 11:55:16,Skandal um griechische Pushbacks: Verwaltungsrat verweigert Frontex-Chef die Entlastung
Kultur,2021-03-04 15:15:00,Gefeierte Science-Fiction-Serie: »Raumpatrouille Orion« wird neu aufgelegt
Reise,2021-03-04 11:20:24,Von Wuppertal zum Nordkap – und andere Corona-Reisen: »Ich wachte auf, und es leuchtete grün über mir«
Sport,2021-03-04 11:15:29,Überraschender Rücktritt: Bauer hört als Skisprung-Bundestrainer der Frauen auf
Panorama,2021-03-04 11:42:00,Buckingham-Palast: Eingriff am Herzen bei Prinz Philip erfolgreich
Sport,2021-03-04 10:57:06,FCB-Frauen in der Champions League: Kantersieg nach sechs Stunden im Flieger
Sport,2021-03-04 10:45:24,Lundbys erstes WM-Gold von Großschanze: Viele weite Sprünge, ein großer Schritt
Wirtschaft,2021-03-04 10:36:13,Neue Untersuchung: Staat unterstützt Tierwirtschaft mit 13 Milliarden Euro – Jahr für Jahr
Wirtschaft,2021-03-04 10:32:00,Abbau Tausender Arbeitsplätze: Airbus verzichtet auf Kündigungen
Panorama,2021-03-04 10:13:00,Nordaustralien: 17-Jähriger stirbt nach Stich von Würfelqualle
Politik,2021-03-04 10:12:00,Behörden fürchten neuen Angriff auf Kapitol: Der gefährliche Kult um den 4. März
Panorama,2021-03-04 10:03:17,Griechenland: Menschen müssen nach starkem Erdbeben in Zelten übernachten
Wirtschaft,2021-03-04 11:40:00,Wohnungskonzern: Vonovia steigert Gewinn in Coronakrise deutlich
Wissenschaft,2021-03-04 09:57:50,Testflug: SpaceX-Rakete erstmals gelandet – und dann explodiert
Wirtschaft,2021-03-04 11:41:00,Ifo-Schätzung: Zahl der Kurzarbeiter steigt leicht
Politik,2021-03-04 09:25:26,Pressekonferenz: Das sagt Ministerpräsidentin Dreyer zu den Corona-Beschlüssen
Netzwelt,2021-03-04 09:09:43,Videochats und Telefonate: WhatsApp will Anrufe am PC anbieten
Wirtschaft,2021-03-04 11:39:00,Filiale in London: Amazon eröffnet ersten Supermarkt ohne Kassen in Europa
Politik,2021-03-04 11:42:00,Reaktionen auf Bund-Länder-Plan: »Corona-Irrgarten«
Panorama,2021-03-04 08:18:30,Reemtsma über seinen Entführer Drach: »Er wird immer älter und ungeduldiger und gefährlicher«
Psychologie,2021-03-04 11:35:00,Hilferuf aus Berliner Oberschule: »Der Tag-Nacht-Rhythmus ist beeinträchtigt, sie haben Versagens- und Zukunftsängste«
Sport,2021-03-04 11:34:00,NBA: Schröders 28 Punkte reichen den Lakers nicht zum Sieg
Sport,2021-03-04 07:36:30,Nach knapp 60 Jahren: Aus für die Cheerleader des Washington Football Team
Job & Karriere,2021-03-04 07:20:22,Studie zu weltweiter Mobilität: Wo wir arbeiten wollen
Panorama,2021-03-04 07:14:12,Menschenschmuggel: 13 Tote in Südkalifornien bei Unfall mit SUV – Behörde geht von illegalem Grenzübertritt aus
Politik,2021-03-04 07:10:11,EU-Einsatz im Mittelmeer: Türkei verhindert Kontrolle des Uno-Waffenembargos gegen Libyen
Wirtschaft,2021-03-04 11:38:00,Krisenjahr 2020: Lufthansa macht 6,7 Milliarden Euro Verlust
Wirtschaft,2021-03-04 11:35:00,»Eine Katastrophe«: Wirtschaftsverbänden gehen Lockerungen nicht weit genug
Politik,2021-03-04 06:50:23,Nach George Floyd: US-Repräsentantenhaus stimmt Polizeireformen zu
Wissenschaft,2021-03-04 06:49:07,Nach Testflug: SpaceX-Rakete erstmals gelandet – und dann explodiert
Politik,2021-03-04 11:36:00,Corona-Beschlüsse: Gefühl schlägt Verstand
Wissenschaft,00:00,+++ Corona-News +++: Paul-Ehrlich-Institut hat keine Bedenken gegen AstraZeneca-Impfstoff
Politik,2021-03-04 05:38:50,Die Lage am Morgen: Four Shades of Fünfstufenplan
Start,2021-03-04 05:18:00,Berufseinstieg als Politikerin: »Natürlich geht es darum, die eigene Machtposition zu stärken«
Wissenschaft,2021-03-04 01:54:10,Kampf gegen Corona: Wie viele Menschen wollen sich impfen lassen?
Mobilität,2021-03-04 01:54:00,Verkehrswendeprojekt in Berlin-Friedrichshain: »Wenn Sie kein Blech mögen, können Sie doch zurückziehen«
Politik,2021-03-04 01:16:18,Neue Corona-Strategie: Auf diese Regeln haben sich Bund und Länder geeinigt
Politik,2021-03-04 01:12:42,Rekonstruktion der Corona-Kapitulation: Neun Stunden Stress, Streit und Chaos
Politik,2021-03-04 00:53:40,Nach Sturm aufs Kapitol: US-Repräsentantenhaus sagt Sitzung wegen Sicherheitsbedenken ab
Sport,2021-03-04 11:34:00,Barcelonas dramatisches Pokalspiel gegen Sevilla: Elfmeter abgewehrt, in die Verlängerung gerettet, Finale erreicht
Politik,2021-03-04 11:33:00,Merkel nach Bund-Länder-Gipfel: »Der Frühling 2021 wird anders sein als der Frühling vor einem Jahr«
Politik,2021-03-03 23:35:01,Pressekonferenz: Das sagt Kanzlerin Merkel nach dem Corona-Gipfel
Sport,2021-03-04 11:34:00,Leipziger Pokalsieg über Wolfsburg: Rausgerutscht
Politik,2021-03-04 11:33:00,Lockerung von Corona-Maßnahmen: Biden kritisiert »Neandertaler-Denken« in Texas und Mississippi
Sport,2021-03-03 22:39:00,DFB-Pokal-Viertelfinale: Weghorst rutscht beim Elfmeter weg – Leipzig wirft Wolfsburg raus
Wirtschaft,2021-03-03 22:33:54,Börse: Siemens Energy löst Beiersdorf im Dax ab
Politik,2021-03-03 22:18:56,Corona-Pandemie: Bund und Länder kippen Inzidenzwert 35 für Lockerungen
Politik,2021-03-03 21:53:11,Streit über Brexitabkommen: Großbritannien verlängert eigenmächtig Übergangsphase für Nordirland
Sport,2021-03-03 21:06:00,Sieg in der Champions League: Popp mit Doppelpack – Wolfsburgerinnen vor Einzug ins Viertelfinale
Politik,2021-03-03 20:55:18,New Yorker Gouverneur: Cuomo schließt Rücktritt nach Belästigungsvorwürfen aus
Panorama,2021-03-03 20:27:02,Urteil gegen Rapper: Bewährung für Fler, Respekt für den Polizisten
Sport,2021-03-03 20:25:45,Sieg über Rot-Weiss Essen: Zweitligist Kiel steht im Pokal-Halbfinale – Essen nennt Elfmeter »Skandal«
Kultur,2021-03-03 20:24:32,Schauspieler Jerry Hoffmann: »In Deutschland schließt man Schwarze Schauspieler oft grundsätzlich aus«
Panorama,2021-03-03 20:20:00,Häusliche Gewalt in der Coronakrise: Notruf aus dem Kinderzimmer
Netzwelt,2021-03-03 20:12:25,Corona-Testergebnisse: Warum manche Labore die Corona-Warn-App nicht nutzen – und Start-ups profitieren
Panorama,2021-03-03 20:05:04,Infantinnen Cristina und Elena: Schwestern von König Felipe VI. wegen vorzeitiger Corona-Impfung in der Kritik
Politik,2021-03-03 19:54:13,Unter der Militärdiktatur in Myanmar: »Sie genießen die Angst der Bevölkerung«
Netzwelt,2021-03-03 19:51:59,Luca, Recover, Barcov: Brauchen wir eine neue App, wenn die Restaurants wieder öffnen?
Politik,2021-03-03 19:48:00,Polizei prüft Terrorverdacht: Mehrere Verletzte bei Messerattacke in Schweden
Politik,2021-03-03 19:42:56,Europas Christdemokraten nach dem Fidesz-Austritt: Die Trümmer, die Orbán hinterlässt
Politik,2021-03-03 19:23:00,Treffen von Kanzlerin und Länderchefs: Bund und Länder verlängern Shutdown bis zum 28. März
Politik,2021-03-03 19:12:00,Putsch in Myanmar: Uno berichtet von Dutzenden Toten bei Protesten gegen Junta
Netzwelt,2021-03-03 19:03:35,Bee Network: Dubiose Digitalwährungs-App erobert die Charts
Panorama,2021-03-03 19:01:19,Dolly Parton singt bei ihrer Impfung: »Vaccine« statt »Jolene«
Panorama,2021-03-03 18:58:14,Herzkranker Royal: Prinz Philip geht es offenbar etwas besser
Politik,2021-03-03 18:49:13,Die Lage am Abend: Jetzt kommt der Praxis-Test
Wissenschaft,2021-03-03 18:39:58,Änderung der Teststrategie: Die Schnelltests kommen – was Sie jetzt wissen müssen
Wirtschaft,2021-03-03 18:42:00,Finanzielle Schieflage: Das Drama um die Bremer Greensill Bank
Panorama,2021-03-03 18:34:11,Strafanzeige statt Unterstützung: Der Professor und sein Impfstoff
Panorama,2021-03-03 18:31:00,Brandenburg: Mann soll Passantin mit Armbrust attackiert haben
Politik,2021-03-03 18:29:00,Pläne von Extremisten: US-Behörden warnen vor neuem Angriff auf das Kapitol
Politik,2021-03-03 18:27:00,Rechtsaußen in der Krise: Was die Beobachtung durch den Geheimdienst für die AfD bedeutet
Reise,2021-03-03 18:25:03,Kreuzfahrt in der Coronakrise: Getesteter Urlaub, glücklicher Urlaub?
Psychologie,2021-03-03 18:24:39,Alltags-Coaching für Paare: Machen Sie Schluss mit unproduktiven Streitereien!
Politik,2021-03-03 18:05:05,Streit über Kurs der SPD: Esken und Thierse telefonieren – ohne klares Ergebnis
Politik,2021-03-03 17:56:22,Impfallianz mit Israel und Dänemark: Kurz im Gelobten Land
Wissenschaft,2021-03-03 17:46:29,Riesige Supernova: Astronomen staunen über Sternexplosion an ungewöhnlichem Ort
Politik,2021-03-03 17:46:00,Österreichs Ex-Außenministerin: Moskau nominiert Kneissl für Rosneft-Aufsichtsrat
Panorama,2021-03-03 17:38:00,Kiel: Auszubildende von Fahnenmast erschlagen – Lkw-Fahrer angeklagt
Politik,2021-03-03 17:37:00,Nicola Sturgeon: Schottische Regierungschefin bestreitet Anschuldigungen
Wissenschaft,2021-03-03 17:24:00,Globale CO₂-Emissionen: Die Welt hat auf Pause gedrückt – nicht Reset
Panorama,2021-03-03 17:18:50,USA: Ku-Klux-Klan-Flagge gegenüber Haus von Schwarzer aufgehängt – keine Anklage
Kultur,2021-03-03 17:08:00,Stiftung Preußischer Kulturbesitz: Bundesrechnungshof rät von Auflösung ab
Kultur,2021-03-03 17:06:18,Zum Tod von »Denver«-Star Geoffrey Scott: Unser liebster Toyboy
Sport,2021-03-03 17:03:13,Neuer Schalke-Trainer Grammozis: Mit eigenem Kopp
Kultur,2021-03-03 16:58:42,Als 3D-Animation: Asterix und Obelix bekommen eine eigene Netflix-Serie
Politik,2021-03-03 17:45:00,Beschluss von Bund und Ländern: Corona-Impfungen durch Hausärzte sollen spätestens Anfang April beginnen
Wirtschaft,2021-03-03 16:46:00,Moratorium wegen Überschuldung: Finanzaufsicht schließt Bremer Greensill Bank für Kundenverkehr
Wirtschaft,2021-03-03 17:44:00,Termin im April: Merkel soll im Wirecard-Ausschuss aussagen
Netzwelt,2021-03-03 16:38:17,Cookies und Tracking: So verändert sich die Verfolgungsjagd im Internet
Politik,2021-03-03 16:26:00,Nahostkonflikt: Strafgerichtshof startet Ermittlungen zu Kriegsverbrechen in Palästina
Panorama,2021-03-03 16:13:00,Medienbericht der »Times«: Herzogin Meghan bestreitet Mobbingvorwürfe
Stil,2021-03-03 15:57:09,Kunsthistorikerin über Deutschlands Bausünden: »In den Einfamilienhaussiedlungen blühen die Exzesse«
Sport,2021-03-03 15:53:09,Skispringer Granerud: Quarantäne statt Gold
Sport,2021-03-03 15:51:50,Wolfsburg-Profi Arnold vor Pokalspiel in Leipzig: Den »Maxi« gibt es nicht mehr
Wirtschaft,2021-03-03 15:50:24,DIW-Studie: Deutschland hat einen der größten Gender-Pay-Gaps in Europa
Wissenschaft,2021-03-03 15:30:48,Umfrage in den Bundesländern: Deshalb gibt es einen AstraZeneca-Impfstau
Gesundheit,2021-03-03 15:30:00,Corona-Impfungen in Baden-Württemberg: Wo AstraZeneca schon ausgebucht ist
Politik,2021-03-03 15:20:00,Corona im Bundestag: 31 Abgeordnete innerhalb eines Jahres infiziert
Panorama,2021-03-03 14:50:06,»Ich wusste schon im Kloster, dass ich auf Männer stehe«: Ex-Mönch Anselm Bilgri will seinen Freund heiraten
Geschichte,2021-03-03 14:40:08,Dichter Stendhal über die Epoche Napoleons: Als die Köpfe rollten, starb die Moral
Wirtschaft,2021-03-03 14:38:50,Dumping-Vorwürfe: USA bereiten Sonderzölle auf Aluminiumprodukte aus Deutschland vor
Politik,2021-03-03 14:26:05,Corona-Pandemie: Innenminister fordern Demo-Obergrenze
Sport,2021-03-03 17:49:00,Spekulationen über Sommerspiele in Tokio: Nur japanische Fans bei Olympia?
Politik,2021-03-03 14:19:31,Rechtsextreme »Génération identitaire«: Frankreich verbietet bekannteste Identitären-Gruppe
Panorama,2021-03-03 14:19:02,Landkreis Göttingen: Tote 16-Jährige auf Landstraße gefunden – Umstände unklar
Panorama,2021-03-03 14:04:58,Kassel: Freispruch für Biologieprofessor im Prozess um Aussagen über Homosexuelle
Politik,2021-03-03 17:50:00,Streit über Bundeswehr-Bestellung: Waffenfirma Haenel will rechtlich gegen Bund vorgehen
Panorama,2021-03-03 14:00:00,Alec Baldwin über Baby-Spekulationen: »Halt den Mund«
Netzwelt,2021-03-03 13:39:35,Staatsversagen in der Pandemie: Sätze zum Ausflippen
Politik,2021-03-03 13:22:10,IS-Deutschlandchef: Abu Walaas Verteidiger legt Revision gegen Urteil ein
Wirtschaft,2021-03-03 13:18:13,Volldampf trotz Shutdown: Die unheimliche Stärke der deutschen Wirtschaft
Wirtschaft,2021-03-03 13:11:34,Pannenflughafen: BER zählt täglich nur 5000 Passagiere
Netzwelt,2021-03-03 13:05:21,Probleme bei Testlauf: Instagram versteckt zu viele Likes – der Chef entschuldigt sich
Panorama,2021-03-03 13:00:51,Kurz nach dem Tod des Großvaters: Miranda Kerr trauert um ihre Großmutter
Netzwelt,2021-03-03 12:57:43,Patentstreit vor Geschworenengericht in Texas: Intel soll mehr als zwei Milliarden Dollar zahlen
Politik,2021-03-03 12:49:46,Einstufung als Rechtsextremismus-Verdachtsfall: »Die AfD ist zu Recht ein Fall für den Verfassungsschutz«
International,2021-03-03 12:43:25,Former U.S. National Security Adviser Bolton: “Trump Wanted To Make an Impression on Erdoğan”
Politik,2021-03-03 12:39:00,Klaus Lederer im SPIEGEL-Spitzengespräch: »Was macht eigentlich Gesundheitsminister Spahn zurzeit beruflich?«
Sport,2021-03-03 12:25:13,Stadionsprecher bei der Nordischen Ski-WM: Für wen kommentiert man, wenn keine Fans da sind?
Politik,2021-03-03 12:19:05,Grünengesundheitspolitiker Dahmen über Corona-Krisenmanagement: »Wenn wir nicht vorsichtig sind, werden viele Jüngere sterben«
Politik,2021-03-03 12:18:44,Coronakrise: Was die USA beim Impfen anders machen
Panorama,2021-03-03 12:13:00,Prozess in München: Vergewaltigung mit Wolfsmaske – Mann soll Mädchen gezielt ausgesucht haben
Sport,2021-03-03 12:08:53,Pokalüberraschung Rot-Weiss Essen: »Der Verein ist Pott, das ist mal klar«
Panorama,2021-03-03 12:00:24,Urteil gegen Berliner Rapper: Fler muss 10.000 Euro zahlen – Freiheitsstrafe zur Bewährung ausgesetzt
Sport,2021-03-03 11:57:36,Herpesvirus: Zwei deutsche Pferde in Doha positiv getestet
Wirtschaft,2021-03-03 11:52:00,Folge der Coronakrise: Bundesbank schüttet erstmals seit 1979 keinen Gewinn aus
Wirtschaft,2021-03-03 11:51:40,Flugtaxi-Entwickler: Volocopter sammelt 200 Millionen Euro ein
Politik,2021-03-03 11:49:24,Proteste in Myanmar: Mehrere Tote bei Polizeigewalt gegen Demonstranten
Politik,2021-03-03 11:21:24,Streit über Ungarn: Fidesz-Abgeordnete verlassen EVP-Fraktion im EU-Parlament
Netzwelt,2021-03-03 11:20:10,Microsoft Mesh: Ein Hologramm für den Chef
Politik,2021-03-03 11:03:19,Ex-US-Sicherheitsberater Bolton über die Halkbank-Affäre: »Trump hatte das Bedürfnis, gerade autoritären Führern Gefallen zu tun«
Kultur,2021-03-03 11:32:00,Einflussreicher Bandleader: Der Jazzmusiker Chris Barber ist tot
Panorama,2021-03-03 11:00:45,Bayern: 19-jähriger Beifahrer stirbt bei illegalem Autorennen
International,2021-03-03 10:55:15,The Disinformation Station: Germany Fears Influence of Russian Propaganda Channel
Politik,2021-03-03 10:45:00,»Spitzengespräch« mit Berlins Kultursenator Lederer: Der Albtraum aller Vermieter
Politik,2021-03-03 10:44:47,Irak: Raketenangriff auf von den USA genutzten Luftwaffenstützpunkt
Sport,2021-03-03 12:32:00,Skispringen: WM-Favorit Granerud positiv auf Corona getestet
Wirtschaft,2021-03-03 10:34:00,Kunststoffverpackungen: Deutschland ist Export-Europameister – beim Plastikmüll
Panorama,2021-03-03 12:58:00,Niederlande: Explosion an Corona-Testzentrum
Politik,2021-03-03 11:29:00,Plan von Bund und Ländern: Öffnungsschritte sollen bei Inzidenz unter 100 möglich sein
Kultur,2021-03-03 11:31:00,Weggefährte von Bob Marley: Reggaepionier Bunny Wailer ist tot
Politik,2021-03-03 10:02:00,Afghanistan: »Islamischer Staat« reklamiert tödliche Attacke auf Journalistinnen für sich
Panorama,2021-03-03 10:23:00,Dolly Parton über Corona-Impfung: »Dolly erhält eine Dosis ihrer eigenen Medizin«
Politik,2021-03-03 09:28:26,Corona-Maßnahmen: Inzidenzwerte sind nicht heilig
Politik,2021-03-03 17:52:00,Rechtsextremismus: Verfassungsschutz beobachtet AfD nun bundesweit
Sport,2021-03-03 08:36:15,Mönchengladbach nach Pokalaus: Was hat dich bloß so ruiniert?
Politik,2021-03-03 08:34:22,Brief an Parteichefin Esken: SPD-Politiker Thierse soll Parteiaustritt angeboten haben
Panorama,2021-03-03 08:01:47,Bolivien: Sieben Studierende stürzen an Uni in den Tod
Politik,2021-03-03 07:51:29,Randale bei Protesten: 16-jähriger Aktivist in Hongkong zu Haft verurteilt
Sport,2021-03-03 07:45:00,US-Profibasketball der Frauen: Die politischste Liga der Welt
Wirtschaft,2021-03-03 07:36:39,Streit über Sonntagsöffnungen: Am siebten Tag soll man ruhen – wie lange gilt diese Regel noch?
Panorama,2021-03-03 07:30:00,Vor Corona-Gipfel: Länder wollen Schulöffnungen – trotz schlechter Erfahrungen
Panorama,2021-03-03 10:15:00,Kalifornien: Mindestens 13 Tote bei schwerem Unfall mit überfülltem SUV
Start,2021-03-03 07:12:33,Zensuren im Studium: Noten sind überbewertet!
Politik,2021-03-03 10:22:00,Lockerung der Corona-Regeln: Texas hebt Maskenpflicht auf
Geschichte,2021-03-03 06:54:00,»Neues Deutschland«: Die Staatszeitung, der ihr Staat abhandenkam
Politik,2021-03-03 10:13:00,Wahlkreis der Kanzlerin: Merkels Nachfolger
Politik,2021-03-03 05:50:00,Die Lage am Morgen: Bekommt Merkel ihre Notbremse?
Wissenschaft,00:00,Corona-News am Mittwoch: Corona-Selbsttests ab Samstag im Handel
Panorama,2021-03-03 04:59:50,Corona-Pandemie: 168 Millionen Kinder weltweit seit einem Jahr ohne Schule
Politik,2021-03-03 04:07:17,Amt der Haushaltschefin: Biden zieht Nominierung umstrittener Kandidatin zurück
Wirtschaft,2021-03-03 01:00:11,Kontowechsel, Termingeld, Aktiensparen: So entkommen Sie den Negativzinsen
Panorama,2021-03-03 00:59:47,Diebstahl von Pflanzenschutzmitteln: »Die Täter fahren mit einer Einkaufsliste vor«
Wissenschaft,2021-03-03 00:59:00,Neue Studie zur Verkehrsbelastung: Warum Krach Vögel verblöden lässt
Panorama,2021-03-03 00:58:00,Zwölf Monate Pandemie in neun Gedankensprüngen: Der stimmigste Moment meines Corona-Jahres
Politik,2021-03-03 00:26:00,Bundeswehr-Eliteverband: Vorgesetzte stoppten Munitionsamnestie
Wirtschaft,2021-03-02 23:30:18,Australischer Finanzkonzern: Greensill Capital droht angeblich Insolvenz
Sport,2021-03-02 23:27:39,Dortmunds Einzug ins Pokal-Halbfinale: Der 13-Sekunden-Angriff
Sport,2021-03-02 23:24:00,Citys Sieg gegen Wolves: Ein portugiesischer Abend
Kultur,2021-03-02 22:51:40,Onlineshow vor der Preisverleihung: Pianist Igor Levit spielt im Vorprogramm der Grammys
Sport,2021-03-02 22:41:53,DFB-Pokal: Sancho schießt den BVB gegen Gladbach ins Halbfinale
Politik,2021-03-02 22:28:01,Bundestag: Große Koalition einigt sich auf Lobbyregister
Politik,2021-03-02 21:57:45,Nach Medienberichten: Deutsche Organisationen überrascht von Marokkos angekündigtem Kontaktabbruch
Wirtschaft,2021-03-02 21:23:40,Unternehmerinnen in Corona-Not: »Warum kriegt der Staat das nicht hin?«
Politik,2021-03-02 21:20:30,Flüchtlings-Not im Libanon: Wael, elf Jahre, Müllsucher
Mobilität,2021-03-02 21:17:25,Linke bremsen Grüne: Berlin kippt Plan für Verbrennerstopp in der Hauptstadt
Politik,2021-03-02 20:59:28,Corona-Hotspot Tschechien: »Es herrscht fast völlige Stille«
Politik,2021-03-02 20:51:59,Nach Verurteilung im Korruptionsprozess: Sarkozy erwägt Klage vor dem Europäischen Gerichtshof für Menschenrechte
Panorama,2021-03-02 20:34:24,These zu Laborunfall: Hamburger Unipräsident verteidigt Vorgehen bei umstrittener Corona-Studie
Politik,2021-03-02 20:29:23,Seenotrettung im Mittelmeer: »Sea-Watch 4« nach monatelanger Festsetzung wieder frei
Politik,2021-03-02 20:04:54,Niederlage beim Linkenparteitag: Wagenknecht-Lager droht mit Gründung neuer Partei
Politik,2021-03-02 20:02:00,Korruptionsaffäre um Georg Nüßlein: Bayerischer Ex-Justizminister erstellte Kaufvertrag für Maskendeal
Sport,2021-03-02 19:57:00,Fußball-Bundesliga: Klub bestätigt – Grammozis neuer Schalke-Trainer
Politik,2021-03-02 19:40:42,Mitglied im Auswärtigen Ausschuss: AfD-Bundestagsabgeordneter Hartwig mit Corona infiziert
Politik,2021-03-02 19:18:00,Chronik des Scheiterns: So verlor Kanzleramtschef Helge Braun die Kontrolle über die Krise
Wissenschaft,2021-03-02 19:16:08,Zerstörungsfreie Untersuchung: Virtuelles Auffalten macht alte Briefe lesbar
Wirtschaft,2021-03-02 19:11:38,Kreditkarte der Mutter benutzt: Nike-Nordamerikachefin verliert ihren Posten – wegen Turnschuh-Deals ihres Sohnes
Panorama,2021-03-02 19:07:01,Fall Greta: Staatsanwaltschaft fordert lebenslange Haft für Erzieherin
Wirtschaft,2021-03-02 19:04:13,Absicherung für Soloselbstständige: So wollen die Grünen »Crowdworker« schützen
Politik,2021-03-02 19:00:00,Bundestagskandidatur: Merz geht offiziell ins Rennen
Politik,2021-03-02 18:58:32,Anhörung im Senat: FBI-Chef nennt Sturm auf das Kapitol »inländischen Terrorismus«
Panorama,2021-03-02 18:48:26,Ku'damm-Raser: Tödliches Autorennen in Berlin – zweiter Fahrer zu 13 Jahren Haft verurteilt
Politik,2021-03-02 18:46:00,Die Lage am Abend: Friedrich Merz, der Terminator der deutschen Politik
Politik,2021-03-02 18:43:03,Corona in Tschechien: Lockdown im Land mit der höchsten Inzidenz weltweit
Panorama,2021-03-02 18:42:23,Private Initiativen gegen Corona: Wartest du noch, oder testest du schon?
Kultur,2021-03-02 18:38:15,Rassistische Stereotype: Sechs Bücher von Dr. Seuss werden nicht mehr gedruckt
Sport,2021-03-02 18:31:20,Manager Bobic verlässt Frankfurt: Mann für die schwersten Fälle
Sport,2021-03-02 18:30:20,Volleyball in Deutschland: Warum so elitär, warum so weiß?
Wissenschaft,2021-03-02 18:26:35,US-Bericht zu autonomen Waffensystemen: Wettlauf der Kampfroboter
Panorama,2021-03-02 18:21:53,Detonation in Exeter: Weltkriegsbombe in Wohngebiet gesprengt
Wissenschaft,2021-03-02 18:19:54,Vor Neuseeland: Forscher entdecken leuchtende Haie
Psychologie,2021-03-02 18:09:56,Alter! – Die Midlife-Kolumne: Per Tagebuch in ein neues Leben
Politik,2021-03-02 18:05:00,Afghanistan: Drei TV-Journalistinnen bei Angriff getötet
Kultur,2021-03-02 18:04:58,Deutsche Filme auf der Berlinale: Die Lebenslügen eines Schauspielers
Panorama,2021-03-02 18:03:22,Privater Brief veröffentlicht: Verlag muss im Rechtsstreit mit Herzogin Meghan 450.000 Pfund zahlen
Wirtschaft,2021-03-02 17:58:58,Wirecard-Affäre: Finanzaufsicht zweifelt an Eignung von EY als Bilanzprüfer
Politik,2021-03-02 17:45:00,Vor Bund-Länder-Beratungen: Merkel beharrt auf Notbremse auch bei Lockerungen
International,2021-03-02 17:44:18,Generation Lockdown: Schoolchildren Around the World Face a Steep Uphill Battle
Wirtschaft,2021-03-02 17:41:57,Studie zu möglicher Fleischsteuer: Mehr Tierwohl ist möglich – aber wann?
Sport,2021-03-02 18:28:00,Fußball-Europameisterschaft 2021: Großbritannien für mehr EM-Spiele bereit – auch WM-Zuschlag wäre »wunderbare Sache«
Wissenschaft,2021-03-02 17:28:00,Pläne der Länder: Stufenplan, Impfen, Schnelltests – das sind die Chancen und Gefahren
Netzwelt,2021-03-02 17:21:44,Musik-Streaming: SoundCloud verteilt Geld für Künstler künftig anders
Netzwelt,2021-03-02 17:19:00,»Wie ein grinsender Hitler«: Amazon ändert sein Shopping-App-Symbol nach Nazi-Assoziationen im Netz
Panorama,2021-03-02 17:10:37,Europäischer Gerichtshof für Menschenrechte: Multiple-Sklerose-Erkrankter plant Klimaklage
Sport,2021-03-02 17:06:00,Zehn Kilometer Freistil bei der Nordischen Ski-WM: Johaug holt Gold – deutscher Bundestrainer fordert Gewichtsregeln
Sport,2021-03-02 16:56:06,Fußball-Bundesliga: Sportvorstand Bobic verlässt Eintracht Frankfurt im Sommer
Kultur,2021-03-02 16:54:11,Abschied des Intendanten Bellut: Was wird aus der Anstalt?
Panorama,2021-03-02 16:44:13,Queen Elizabeth II. scherzt über eigene Statue: »Grundgütiger, ist sie unerwartet angereist?«
Sport,2021-03-02 17:07:00,Marco Rose vor Pokalspiel gegen Dortmund: Explosive Mischung
Wirtschaft,2021-03-02 16:34:00,Projekt gegen die Krise in Hameln: Wer einen Laden eröffnet, bleibt mietfrei
Politik,2021-03-02 16:31:17,Massenprozess in Hongkong: Die 47 Angeklagten
Politik,2021-03-02 17:08:00,Zukunft des Konservatismus: Fortschritt, aber erträglich
Politik,2021-03-02 16:02:00,Senatsanhörung: Sturm auf Kapitol – FBI-Direktor Wray sagt vor US-Senat aus
Wirtschaft,2021-03-02 15:58:50,Schnellwarnsystem für Verbraucherschutz: EU-Staaten melden 2253 gefährliche Produkte
Sport,2021-03-02 15:53:02,Skandal im irischen Galoppsport: Video zeigt Jockey, der auf totes Pferd klettert
Politik,2021-03-02 15:45:12,Schmutziger Machtkampf in der AfD: »Dreckschwein« oder »Dreckschleuder« – Wirbel um angebliches Meuthen-Zitat
Kultur,2021-03-02 15:42:15,Bestsellerautor mit neuem Roman »Hard Land«: Wellsschmerz
Kultur,2021-03-02 15:33:33,Khashoggi-Mord: Reporter ohne Grenzen erstattet Anzeige gegen Kronprinz Mohammed bin Salman
Wissenschaft,2021-03-02 15:28:34,Impfstoffe von AstraZeneca und Biontech/Pfizer: Britische Studie belegt hohe Wirksamkeit nach erster Dosis
Politik,2021-03-02 15:25:50,Vergifteter Kremlkritiker: USA verhängen im Fall Nawalny Sanktionen gegen Russland
Panorama,2021-03-02 15:24:41,Berlin: Radfahrer soll Rettungswagen attackiert haben – während Frau darin reanimiert wurde
Politik,2021-03-02 15:11:00,Merz-Kandidatur für den Bundestag: Angriff aus dem Sauerland
Politik,2021-03-02 15:05:25,Unwürdige Behandlung in Transitzone: Ungarn muss geflüchteter Familie Entschädigung zahlen
Sport,2021-03-02 14:50:10,Ex-Nationalspieler: 1860 trauert um Meister-Kapitän Grosser
Wissenschaft,2021-03-02 14:49:53,Statistisches Bundesamt: Zahl der Minderjährigen mit Alkoholvergiftung gestiegen
Panorama,2021-03-02 14:49:29,Norwegen: Eisbär nach Angriff auf Menschen erschossen
Panorama,2021-03-02 14:36:00,Vor Corona-Gipfel im Kanzleramt: Kultusminister fordern weitere Öffnungen
Panorama,2021-03-02 14:32:07,Anschläge von Waldkraiburg: Angeklagter legt Geständnis in Terrorprozess ab
Wirtschaft,2021-03-02 14:28:00,Zweifel an Rechtmäßigkeit: EU prüft Milliardenentschädigungen für Braunkohlekonzerne
Kultur,2021-03-02 14:22:05,Eddie Murphy über die Filmbranche: »Weiße Männer führen dieses Geschäft«
Politik,2021-03-02 14:21:00,Urteil des Europäischen Gerichtshofs: Ernennung von Richtern in Polen kann gegen EU-Recht verstoßen
Panorama,2021-03-02 14:18:00,Vietnam: Mann rettet Zweijährige nach Sturz aus zwölftem Stock
Wissenschaft,2021-03-02 14:05:00,Corona-Maßnahmen: »No Covid«-Initiative schlägt Teststrategie für Öffnungen vor
Politik,2021-03-02 13:58:00,Skandal in NRW: Rechte Chats bei Polizei – Ermittler ließen 12.750 Nummern überprüfen
Mobilität,2021-03-02 13:54:00,Abschied vom Verbrenner: Volvo will ab 2030 nur noch reine E-Autos bauen
Politik,2021-03-02 13:50:00,Waffenbestellung der Bundeswehr: Heckler & Koch soll neues Sturmgewehr liefern
Wirtschaft,2021-03-02 14:33:00,Alibaba-Gründer: Jack Ma als reichster Mensch Chinas abgelöst
Wirtschaft,2021-03-02 13:30:00,Endgültiger Brexit: Exporte nach Großbritannien brechen um fast ein Drittel ein
Sport,2021-03-02 14:33:00,FC Barcelona: Bartomeu einen Tag nach Razzia wieder freigelassen
Dein SPIEGEL,2021-03-02 13:20:00,Verfassungsschützer im Kinder-Interview: »Ich mache mir große Sorgen um unsere Demokratie«
Kultur,2021-03-02 14:34:00,Grimme-Preis 2021: Sexismus-Doku »Männerwelten« und Kebekus-Rassismus-Ausgabe nominiert
Politik,2021-03-02 13:08:00,Vor Corona-Gipfel: Ministerpräsidenten sind uneins über Lockerungen
Politik,2021-03-02 12:47:00,Pressekonferenz: Das sagt Armin Laschet vor der Corona-Runde mit der Kanzlerin
Panorama,2021-03-02 12:42:00,Vulkanausbrüche in Indonesien: Aschewolke steigt 5000 Meter in den Himmel
Sport,2021-03-02 16:32:00,Aggressives Herpesvirus bei Pferden: Weltverband sagt Reitturniere in zehn Ländern ab
Politik,2021-03-02 12:22:00,Coronavirus: Koalitionsfraktionen wollen Pandemiegremium einberufen
Politik,2021-03-02 14:32:00,Saarlands CDU-Ministerpräsident Hans: »Wir sollten restriktiv bleiben«
Start,2021-03-02 12:06:00,KI und Recruiting: Wie Tinder für Jobs
Wirtschaft,2021-03-02 12:04:00,Biontech und Co.: Hände weg von den Impfstofflizenzen!
Sport,2021-03-02 11:48:11,Premier League: Liverpool-Ikone St John nach langer Krankheit gestorben
Politik,2021-03-02 14:32:00,Vor Corona-Gipfel: Shutdown soll bis 28. März verlängert werden
Wirtschaft,2021-03-02 11:20:00,Lockdown-Folgen: Einnahmen der Einzelhändler schrumpfen weiter
Panorama,2021-03-02 11:03:15,Corona-Schnelltests: Medizinerverbände warnen vor regelmäßigen Tests in Schulen
Sport,2021-03-02 10:48:57,Fußball-Bundesliga: Kramer soll Bielefeld vor dem Abstieg retten
Sport,2021-03-02 10:35:36,Trainerverband kritisiert Schalke und Bielefeld: »Super Beispiel für einen Fall schlechter Personalplanung«
Geschichte,2021-03-02 10:33:00,Filmzensur durch Sittenwächter: Als Hollywood den Sex verbot
Panorama,2021-03-02 10:30:19,Mutmaßlicher Stromschlag: Tödlicher Unfall an Ingolstädter Bahnhof
Wirtschaft,2021-03-02 10:40:00,Coronakrise: Arbeitslosigkeit steigt im Februar leicht
Sport,2021-03-02 10:23:14,Seit 2019 ausgeschlossen: Sportgerichtshof Cas hebt Sperre gegen iranischen Judo-Verband auf
Kultur,2021-03-02 10:16:00,Netflix-Serie »Ginny & Georgia«: Taylor Swift kritisiert Scherz auf ihre Kosten als »schwach und sexistisch«
Job & Karriere,2021-03-02 10:15:20,Jobwechsel: So kündigen Sie richtig
Panorama,2021-03-02 10:13:00,Aus dem Besitz von Angelina Jolie: Churchill-Gemälde für 9,5 Millionen Euro versteigert
Kultur,2021-03-02 10:10:00,Nach zwei Amtszeiten: ZDF-Intendant Thomas Bellut hört 2022 auf
Politik,2021-03-02 09:47:00,Tiergarten-Attentat: Russischer Geheimdienst versteckt offenbar Frau des mutmaßlichen Mörders
Panorama,2021-03-02 09:09:07,Hilaria und Alec Baldwin: Das Kind, das vom Himmel fiel
Wirtschaft,2021-03-02 08:38:32,Ex-Nissan-Chef: USA liefern Ghosns mutmaßliche Fluchthelfer aus
Wirtschaft,2021-03-02 08:00:31,Arbeiten in Corona-Zeiten: Zahl der Beschäftigten im Homeoffice steigt deutlich
Politik,2021-03-02 07:58:56,Fall Nawalny: Biden plant Sanktionen gegen Russland
Panorama,2021-03-02 07:23:49,Inhaftierter 66-Jähriger: Briefbomben gegen Lidl und Hipp – Verdächtiger bestreitet die Vorwürfe
Wirtschaft,2021-03-02 09:10:00,Gendergerechte Sprache: Audi-Mitarbeiter werden zu »Audianer_innen«
Politik,2021-03-02 07:18:26,Massenentführung in Nigeria: Gouverneur meldet Freilassung verschleppter Schülerinnen
Politik,2021-03-02 06:55:52,Skandal um New Yorker Gouverneur: Dritte Frau wirft Cuomo sexuelle Belästigung vor
Kultur,2021-03-02 06:50:49,20 Jahre nach Terroranschlägen: Spike Lee dreht 11.-September-Doku über New York
Panorama,2021-03-02 06:40:04,Hessen: Achtjähriger bricht auf zugefrorenem See ein und stirbt
Politik,2021-03-02 05:46:29,Die Lage am Morgen: Die Öffnungsdiskussionsorgien sind wieder da
Politik,2021-03-02 05:45:04,Deutschland abgehängt: Warum die USA beim Impfen so viel besser sind
Reise,2021-03-02 05:15:03,Herausragende Fotos aus aller Welt: Ein Wal wie wir
Wissenschaft,00:00,Corona-News am Dienstag: Präsident Biden verspricht Impfstoff für alle erwachsenen Amerikaner bis Ende Mai
Kultur,2021-03-02 01:02:00,Fortsetzung des Bestsellers »Faserland«: Christian Kracht, seine Mutter und das Reaktorunglück ihres Lebens
Familie,2021-03-02 01:01:44,Soziologe über Vornamen bei Migrantenkindern: »Eltern wollen die männliche Vormachtstellung weitergeben«
Politik,2021-03-02 01:01:00,Weltweiter Schmuggel mit wertvollen Tieren: Papageien in Plastikflaschen
Wissenschaft,2021-03-02 00:59:00,Wettbewerb um den Öko-Raumkühler der Zukunft: Klimaanlagen gegen die Erderwärmung
Politik,2021-03-02 00:59:00,Winfried Kretschmann und sein Podcast: Wahlkampf mit lebenden Fossilien
Politik,2021-03-02 09:11:00,Eisenmann gegen Kretschmann im TV: Die Oma und die Häuslebauer
Panorama,2021-03-02 09:09:00,»Das war knapp«: Lady Gagas angeschossener Hundesitter meldet sich aus dem Krankenhaus
Politik,2021-03-02 09:10:00,Kurz vor Ende der Amtszeit: Trump ließ sich heimlich gegen Corona impfen
Politik,2021-03-02 09:16:00,Sauerländer Heimat: Merz von zwei CDU-Stadtverbänden für Bundestagskandidatur nominiert
Sport,2021-03-02 09:48:00,St. Pauli siegt im Hamburger Stadtderby: Raketen auf dem Kiez
Politik,2021-03-02 09:17:00,Medienberichte: Marokko will offenbar Beziehungen mit deutscher Botschaft aussetzen
Wirtschaft,2021-03-01 21:58:15,Generationswechsel bei Autovermieter: Erich Sixt überträgt Unternehmensführung an seine Söhne
Netzwelt,2021-03-01 21:21:49,Stalkerware: »Lesen Sie diesen Artikel nur, wenn Sie sich in sicherer Umgebung befinden«
Sport,2021-03-01 21:02:49,Ex-Barça-Präsident Bartomeu festgenommen: Schicksalswoche in Camp Nou
Panorama,2021-03-01 20:42:03,Reaktion auf Todesfälle: China verbietet körperliche und psychische Strafen an Schulen
Panorama,2021-03-01 20:30:49,Bushido und Arafat Abou-Chaker: Anwälte in Rage
Wirtschaft,2021-03-01 20:15:51,Sozial- und Finanzpolitik im SPD-Programm: Fördern und fordern – jetzt mit neuer Rezeptur
Politik,2021-03-01 20:15:26,SPD-Kanzlerkandidat Scholz: Der Schattenboxer
Wirtschaft,2021-03-02 09:15:00,Lockendown nach Lockdown: Kunde ersteigert ersten Friseurtermin für 422 Euro
Politik,2021-03-02 09:14:00,Waffenfund in Hessen: Ermittler finden rechtsextremes Manifest bei Bundeswehrsoldaten
Politik,2021-03-01 19:12:52,Kretschmann über Christsoziale: »Ich habe die CSU immer ein bisschen still bewundert«
Wirtschaft,2021-03-02 09:14:00,Tarifstreit: IG Metall startet Warnstreiks trotz Coronakrise
Panorama,2021-03-01 18:49:03,Lebenslange Haft: Tödlicher Streit über angeblich zu lautes Telefonat
Politik,2021-03-01 18:45:00,Die Lage am Abend: Von den Verlockungen des Friseursalon-Kalauers
Wissenschaft,2021-03-01 18:38:08,Maßnahmen gegen Corona: Maske im Park – ist das sinnvoll?
Netzwelt,2021-03-01 18:04:11,Neue Software im Einsatz: Duisburg vergibt Impfstoff per SMS
Wissenschaft,2021-03-01 17:59:33,Antarktis: Deutscher Radarsatellit fotografiert neuen Rieseneisberg
Wirtschaft,2021-03-01 17:58:38,Geringster Anstieg seit 2016: Coronakrise bremst Tariflöhne
Kultur,2021-03-01 17:57:24,Hardboiled-Krimi aus Berlin: Wo harte Typen harte Dinge tun
Psychologie,2021-03-01 17:44:00,Vorher/Nachher vom ersten Friseurbesuch: Die Würde des Menschen ist waschbar
Netzwelt,2021-03-01 17:36:34,Webtrends: Vergesst Clubhouse und schaut auf Snoop Doggs leeren Gamingstuhl
Wirtschaft,2021-03-01 17:30:16,Kampf gegen Corona-Pandemie: Schnelltests sollen bald im Einzelhandel zu haben sein
Panorama,2021-03-01 17:29:55,Reihenhaus explodiert: Mann bewusstlos im Auto gefunden, Frau vermisst
Politik,2021-03-01 17:24:32,Nach Militärputsch in Myanmar: Neue Anklagen gegen Aung San Suu Kyi
Politik,2021-03-01 17:02:18,Korruptionsurteil gegen Nicolas Sarkozy: »Du kannst ihm ausrichten, dass ich da etwas unternehme«
Sport,2021-03-01 16:53:08,NRW-Blamage bei Bewerbung 2032: Das große Blame Game (Olympia-Version)
Psychologie,2021-03-01 16:42:35,Acht-Wochen-Coaching: Mehr Beziehungskompetenz
Sport,2021-03-01 16:39:00,Coronafälle vor Viertelfinale: Gesundheitsamt schickt Regensburg in Quarantäne – DFB verschiebt Pokalspiel gegen Bremen
Panorama,2021-03-01 16:35:08,Katholische Kirche: Neues Gutachten belastet Amtsträger im Erzbistum Köln
Politik,2021-03-01 16:25:13,Viele nicht genutzte Impfdosen: Bundesregierung lehnt Aufhebung der Priorisierung für AstraZeneca-Impfstoff ab
Panorama,2021-03-01 16:10:10,Berlin: Frauen ins Auto gezerrt und vergewaltigt – dreizehneinhalb Jahre Haft
Panorama,2021-03-01 16:02:52,Umfrage zur Alphabetisierung: Jeder zehnte Erwachsene empfindet Lesen als anstrengend
Politik,2021-03-01 16:01:50,Trumps Comeback beim Rechten-Gipfel: »Wer, wer, wer?«
Panorama,2021-03-01 15:53:26,Lübeck: Polizei löst Corona-Party im Kleingarten auf
Netzwelt,2021-03-01 15:52:50,Tech-Plattformen und Journalismus: Facebook zahlt bald auch in Deutschland für Nachrichten
Politik,2021-03-01 16:25:00,SPIEGEL-Regierungsmonitor: Spahn rutscht ab
Panorama,2021-03-01 15:45:20,A44 bei Jülich: Lastwagen überschlägt sich – Hunderte Ölkanister zerplatzt
Politik,2021-03-01 15:41:26,Schutzmasken-Skandal: Schillernder Unternehmer soll in CSU-Korruptionsaffäre verstrickt sein
Sport,2021-03-01 15:39:36,HSV vor dem Derby gegen St. Pauli: Die Verunsicherten
Panorama,2021-03-01 15:32:13,Corona-Comedy auf YouTube: Wie zwei Lehrer das Schulchaos erträglicher machen
Netzwelt,2021-03-01 15:27:52,70 Gigabyte geleakt: Hacker erbeuten offenbar Datensatz von rechtem Netzwerk Gab
Sport,2021-03-01 15:27:27,Snowboard: Selina Jörg gewinnt Gold bei der WM – Enttäuschung für Favoritinnen
Wirtschaft,2021-03-01 15:18:00,Lieferkettengesetz: Entwurf sieht massive Strafen vor
Sport,2021-03-01 15:10:10,Gordon Elliott: Irischer Reittrainer entschuldigt sich für Foto mit totem Pferd
Panorama,2021-03-01 16:39:00,Coronakrise: NRW kündigt Impfungen an Schulen und Kitas ab 8. März an
International,2021-03-01 15:03:59,Boom in Somaliland: A Miracle on the Horn of Africa
Panorama,2021-03-01 14:42:39,Thüringen: Razzia im Neonazimilieu – acht Beschuldigte in U-Haft
Wirtschaft,2021-03-01 16:43:00,Schwedischer PayPal-Konkurrent: Klarna sammelt eine Milliarde Dollar ein
Wirtschaft,2021-03-01 16:38:00,Konjunktur: Deutsche Wirtschaft wird Corona-Folgen noch jahrelang spüren
Wirtschaft,2021-03-01 17:10:00,Verbraucherpreise: Inflation im Februar bei 1,3 Prozent
Panorama,2021-03-01 16:43:00,99-jähriger Herzpatient: Prinz Philip mit Infektion in anderes Krankenhaus verlegt
Kultur,2021-03-01 14:22:47,Diskussion um »The Hill We Climb«: Sollte eine weiße Person die Gedichte von Amanda Gorman übersetzen?
Politik,2021-03-01 16:45:00,Urteil im Korruptionsprozess: Frankreichs Ex-Präsident Sarkozy zu Gefängnisstrafe verurteilt
Panorama,2021-03-01 16:31:00,Kritik an Corona-Maßnahmen: Oberbürgermeister fordern Lockerungen für Kommunen mit niedrigen Inzidenzen
Politik,2021-03-01 13:50:00,Nach AfD-Klage: Richter erklären Teile früherer Thüringer Corona-Verordnungen für nichtig
Sport,2021-03-01 13:29:21,Handball-Nationalmannschaft bei Olympia-Quali: Der Kieler Block soll das DHB-Team nach Tokio führen
Netzwelt,2021-03-01 13:13:05,Nach Smudo-Auftritt bei »Anne Will«: Luca-App bricht offenbar unter Ansturm neuer Nutzer zusammen
Dein SPIEGEL,2021-03-01 13:06:05,Rätsel des Alltags: Warum hat man morgens Schlaf im Auge?
Politik,2021-03-01 13:05:00,Grundrechte in der Pandemie: In schlechter Verfassung
Politik,2021-03-01 13:04:35,Erste Rede als Ex-Präsident: Trump läuft sich wieder warm
Mobilität,2021-03-01 13:03:00,Kohlendioxid für synthetische Kraftstoffe: Klimakiller dringend gesucht
Panorama,2021-03-01 16:43:00,Friseursalons dürfen wieder öffnen: »Endlich wieder Menschen glücklich machen«
Sport,2021-03-01 16:47:00,Fußball-Bundesliga: Arminia Bielefeld trennt sich von Trainer Neuhaus
Panorama,2021-03-01 16:47:00,Nordrhein-Westfalen: 55-Jähriger hortet illegale Kriegswaffen
Sport,2021-03-01 12:46:00,Erkenntnisse des 23. Bundesliga-Spieltags: Oh Brüder, wo seid ihr?
Sport,2021-03-01 12:37:56,»Barçagate«-Affäre: Polizei nimmt offenbar ehemaligen Barcelona-Präsidenten Bartomeu fest
Wirtschaft,2021-03-01 12:37:00,Bundesländer: Welche Geschäfte nun öffnen dürfen
Panorama,2021-03-01 16:31:00,Nach drei Ehen: Warum Jane Fonda nie wieder heiraten will
Panorama,2021-03-01 12:27:25,Baden-Württemberg: Schulkind mit Corona-Mutante infiziert – 150 Menschen in Quarantäne
Politik,2021-03-01 16:49:00,Saudi-Arabien: Khashoggi-Verlobte verlangt Bestrafung des saudischen Kronprinzen
Kultur,2021-03-01 12:07:00,Golden Globes: So sieht's aus, Amerika
Geschichte,2021-03-01 12:06:00,»Wochenschau« von der Ostfront: Wie Opa Franz ins Kino kam
Politik,2021-03-01 16:50:00,Corona-Öffnungen: Bauch und Baumarkt
Wirtschaft,2021-03-01 11:33:00,Milliardengeschäft: AstraZeneca verkauft Anteile an Moderna
Kultur,2021-03-01 11:30:08,Arbeitsbedingungen in China: Ausländische Journalisten beklagen »rapiden Rückgang der Medienfreiheit«
Wissenschaft,2021-03-01 11:20:00,Ölverschmutzung an Israels Stränden: Wer war das?
Politik,2021-03-01 17:12:00,Alle ab 18 Jahren, sofort: Bayern und Sachsen wollen Impfreihenfolge für Hotspots ändern
Panorama,2021-03-01 11:02:28,Großeinsatz nahe Stockholm: Schulgebäude brennt komplett nieder – Polizei vermutet Brandstiftung
Stil,2021-03-01 10:42:00,Nervennahrung: Heute gibt es Frühlingsfalafel
Start,2021-03-01 10:41:00,KI bewertet Uni-Noten: Wie gut ist Ihr Hochschulabschluss?
Panorama,2021-03-01 10:40:00,Gesellschaft in der Krise: Die Entleerung der Demokratie, wie wir sie kennen
Politik,2021-03-01 10:31:00,Corona-Pandemie: Von der Leyen will Pläne für digitalen Impfpass für die EU noch im März vorstellen
Wirtschaft,2021-03-01 10:30:04,Neue WTO-Chefin Okonjo-Iweala: Kämpferisch, geradeheraus, integer
Politik,2021-03-01 10:16:00,Nach Vorsitz-Niederlage: Friedrich Merz liebäugelt mit Bundestagskandidatur
Sport,2021-03-01 10:03:44,Erste Goldmedaille bei der Nordischen Ski-WM: Sprung zurück an die Weltspitze
Politik,2021-03-01 09:48:10,Mögliche versteckte SS-Rune bei CPAC-Konferenz: Hotel bezeichnet Symbole des Hasses als »abscheulich«
Wissenschaft,2021-03-01 09:42:00,Satellitenbild der Woche: Das Rätsel der schönen Schlieren
Geschichte,2021-03-01 09:41:06,Konvertiten um 1800: Sie wurden katholisch, weil sie das Geld brauchten
Panorama,2021-03-01 09:34:20,Doppelinterview von Prinz Harry und Herzogin Meghan: »Es war unglaublich hart, aber wenigstens hatten wir uns«
Politik,2021-03-01 08:43:00,Hessen: Waffen und Munition bei Bundeswehrsoldat gefunden
Panorama,2021-03-01 08:15:40,38-Jähriger flieht vor der Polizei: Vier Verletzte bei Verfolgungsjagd auf der A2
Job & Karriere,2021-03-01 08:12:39,Tipps von der Karriereberaterin: Suche anspruchsvollen Beruf mit Karriereoption, biete Teilzeit
Politik,2021-03-01 08:09:11,Zwischenfall am Golf: Netanyahu beschuldigt Iran des Angriffs auf israelisches Frachtschiff
Politik,2021-03-01 08:00:42,Nach einem Monat im Hausarrest: Myanmars Regierungschefin Aung San Suu Kyi wieder vor Gericht
Job & Karriere,2021-03-01 16:49:00,Karrieren: Für Piloten brechen harte Zeiten an
Politik,2021-03-01 07:37:59,Vor internationaler Geberkonferenz: Uno nennt Lage im Jemen »schlimmste Entwicklungskrise der Welt«
Sport,2021-03-01 07:37:05,Vor Tests und Auftaktrennen: Formel 1 lehnt Corona-Impfangebot aus Bahrain ab
Wirtschaft,2021-03-01 10:15:00,Erste Lockerungen: Friseure beginnen Shutdown-Ende mit Nachtschicht
Politik,2021-03-01 07:09:44,Nach Belästigungsvorwürfen: New Yorks Gouverneur spricht von »unerwünschtem Flirt« als »Missverständnis«
Start,2021-03-01 07:03:52,Studienfächer erklärt: Was ich als Erstsemester gern über Wirtschaftsingenieur­wesen gewusst hätte
Kultur,2021-03-01 10:16:00,Zwei Filmpreise für »Nomadland«: Helena Zengel geht bei Golden-Globe-Verleihung leer aus
Politik,2021-03-01 06:49:54,Polizeigewalt gegen Demonstrierende: USA kündigen neue Sanktionen gegen Militärregime in Myanmar an
Mobilität,2021-03-01 06:31:52,Ratgeber Rad – Swapfiets Power 7: E-Bike zum Flatrate-Preis
Panorama,2021-03-01 06:31:48,Steiermark in Österreich: 18-Jährige verunglückt beim Rodeln und stirbt
Kultur,2021-03-01 06:31:38,Krimi-Vote: Wie gefiel Ihnen der Schokoladen-»Tatort«?
Wissenschaft,00:00,Corona-News am Montag: Mehr als 50 Millionen US-Bürger haben Erstimpfung bekommen
Politik,2021-03-01 10:17:00,Bekämpfung der Coronakrise: Grünenchef fordert Alternative zu Shutdown
Politik,2021-03-01 11:42:00,Trumps erster Auftritt als Ex-Präsident: Vorwärts nimmer, rückwärts immer
Politik,2021-03-01 05:44:06,Die Lage am Morgen: Es ist zu früh, Donald Trump abzuschreiben
Politik,2021-03-01 01:22:00,Rede des Ex-US-Präsidenten: Trump will den Republikanern treu bleiben
Wirtschaft,2021-03-01 00:07:09,Brexit torpediert britische Exporte: »Mindestens 50 Prozent der Lkw fahren leer«
Wirtschaft,2021-03-01 00:07:07,Boom der US-Lieferdienste: Der Pizza-Krieg
Politik,2021-03-01 00:07:06,Corona-Statistik: Russlands verheimlichte Katastrophe
Psychologie,2021-03-01 00:02:00,Warum man nicht an allen Plänen festhalten sollte: Archiv der ungelebten Leben
Politik,2021-03-01 00:02:00,Corona-Wahlkampf in Rheinland-Pfalz: In Malu Dreyers YouTube-Studio
Sport,2021-03-01 10:23:00,Spielbetrieb eingestellt: Besitzer des chinesischen Meisters will nur noch Elektrogeräte verkaufen
Politik,2021-02-28 23:40:37,Angriffe nahe Damaksus: Syrische Luftabwehr fängt israelische Raketen ab
Politik,2021-02-28 23:05:31,Italiens Ex-Premier: Giuseppe Conte steht vor dem Comeback
Politik,2021-02-28 22:48:07,Atomabkommen: Iran lehnt informelles Treffen ab
Sport,2021-03-01 10:15:00,Nach Autounfall: Golfstars ehren Tiger Woods in Rot und Schwarz
Sport,2021-02-28 22:17:52,Nach vier Niederlagen in Serie: Zumindest beim abgeschlagenen Tabellenletzten gewinnt Liverpool
Netzwelt,2021-02-28 22:15:10,Verletzung der Privatsphäre: Facebook zahlt offenbar 650 Millionen Dollar Entschädigung
Sport,2021-02-28 21:48:23,Chelsea-Remis gegen Manchester United: Tuchel macht sich Freunde
Politik,2021-02-28 21:46:00,Seenotrettung: Sea-Watch rettet mehr als 300 Menschen
Kultur,2021-02-28 21:24:27,Geschlossene Kinos: Außen erleuchtet, innen düster
Politik,2021-02-28 21:16:45,Europaparlament: Viktor Orbán droht der EVP-Fraktion
Sport,2021-02-28 20:47:18,Borussia Dortmund: Nach Zorcs Abschied – Kehl wird 2022 zum Sportdirektor befördert
Sport,2021-02-28 20:36:49,Silber für deutsche Kombinierer: Immer wieder diese Norweger
Netzwelt,2021-02-28 20:29:42,Die merkwürdige Welt des »Fifa«-Trading: »Für Außenstehende muss das absurd sein«
Politik,2021-02-28 20:03:45,Corona-Strategie des SPD-Politikers: So will Lauterbach die dritte Welle brechen
Sport,2021-02-28 20:01:07,Chaos bei Schalke 04: Eine echte Knäbel-Aufgabe
Sport,2021-02-28 19:54:00,Fußball-Bundesliga: Leverkusens Krise verschärft sich durch Pleite gegen Freiburg
Politik,2021-02-28 19:06:59,Entwurf für SPD-Wahlprogramm: Mehr Sozialstaat, mehr Klimaschutz – und die Vermögensteuer
Sport,2021-02-28 19:04:00,Leichtsinn beim Wintersport: »Für ein paar Stunden im Schnee riskieren die ihr Leben«
Sport,2021-02-28 18:50:00,Nordische Ski-WM in Oberstdorf: Deutsches Mixed-Team fliegt überraschend zu Gold
Politik,2021-02-28 18:48:34,Polizei schießt auf Demonstranten: Blutiger Sonntag in Myanmar
Politik,2021-02-28 18:36:38,Erfolge im weltweiten Kampf gegen Corona-Fakes: 11.000 Unwahrheiten
Politik,2021-02-28 18:35:53,Religiöse Influencer gegen Fake News: Beten für die Corona-Impfung
Wissenschaft,2021-02-28 18:31:36,Raumfahrt: Russischer Satellit zur Erforschung des Arktis-Klimas gestartet
Kultur,2021-02-28 18:12:47,50 Jahre »Sendung mit der Maus«: »Armin und Christoph sind Teil unserer Familie, solange ich denken kann«
Sport,2021-02-28 17:57:46,Premier League: Bale ist wieder Bale, Arsenal überrascht in Leicester
Kultur,2021-02-28 17:27:21,Eklat um Abtreibungsdrama: Der alte Mann und der Oscar
Sport,2021-02-28 17:22:48,Mainz verliert im Bundesliga-Abstiegskampf: Zentner patzt, Augsburg feiert
Panorama,2021-02-28 17:16:37,Corona-Regeln in Düsseldorf: Innehalten ist nicht erlaubt
Panorama,2021-02-28 17:00:12,Mecklenburg-Vorpommern: 3000 Schweine sterben bei Brand in Mastanlage
Kultur,2021-02-28 16:38:21,ARD-Sonntagskrimi: Der Zürich-»Tatort« im Schnellcheck
Politik,2021-02-28 16:16:32,Inhaftierter Kremlkritiker: Nawalny im Straflager angekommen
Politik,2021-02-28 16:14:27,Nach Spendendinner trotz Pandemie: Harsche Kritik an Jens Spahn
Panorama,2021-02-28 15:59:51,Spaziergangsforscher: »Wenn nichts mehr geht, geht nur noch gehen«
Politik,2021-02-28 15:56:25,US-Republikanertreffen CPAC: Sie träumen von 2024
Panorama,2021-02-28 15:53:12,Wetter in Deutschland: Der Frühling beginnt mit Sonnenschein
Panorama,2021-02-28 15:52:00,Generation Corona in Deutschland: Was die Pandemie mit unseren Kindern macht – und was ihnen hilft
Wissenschaft,2021-02-28 15:51:07,Klimaschutz in Florida: Keine Palmen mehr für Miami Beach
Sport,2021-02-28 15:44:59,Nordische Ski-WM: Deutsche Kombinierer holen Silber
Sport,2021-02-28 15:23:00,TSG Hoffenheim holt einen Punkt in Berlin: Kruses Comeback-Treffer reicht Union nicht zum Sieg
Panorama,2021-02-28 14:47:12,Baden-Württemberg: Frau kracht mit Auto in Wohnzimmer
Panorama,2021-02-28 14:46:57,Biebesheim: Tote Frau gefunden, Ehemann in U-Haft
Panorama,2021-02-28 14:14:00,Samstagsunterricht in der Pandemie: »Lehrerverbände können sich nicht jedes Mal verweigern«
Politik,2021-02-28 14:13:00,Lockdown in den Philippinen: Im Land der eingesperrten Kinder
Sport,2021-02-28 14:00:06,Teamsprint bei der Nordischen Ski-WM: Deutsche Männer verlieren einen Ski und scheiden aus
Panorama,2021-03-01 10:01:00,»Habe im Schwimmbad nie mein T-Shirt ausgezogen«: Jonah Hill wehrt sich gegen Bodyshaming
Panorama,2021-02-28 13:33:01,Erst Party, dann Randale: Hunderte verstoßen gegen Corona-Regeln in Stuttgart
Panorama,2021-02-28 13:29:54,Corona-Ausbruch: Dutzende Häftlinge in belgischem Gefängnis infiziert
Wissenschaft,2021-02-28 13:28:00,Corona und Klima: Die Natur kennt keine Kompromisse
Politik,2021-02-28 13:15:12,Corona-Pandemie: Bundesregierung verschärft Einreiseregeln für französische Grenzregion Moselle
Politik,2021-02-28 12:56:48,Polizeigewalt gegen Demonstranten: Gezielte Kopfschüsse und Jagdszenen in Myanmar
Wissenschaft,2021-02-28 12:28:10,Neue Studie zu saisonalen Infektionszahlen: Welchen Einfluss das Wetter auf die Verbreitung des Coronavirus hat
Panorama,2021-02-28 12:24:02,Vor Südseeinsel: Schwimmer stirbt nach Hai-Attacke
Stil,2021-02-28 12:19:52,Gastronomen im Shutdown: »Ich kann Geschmack denken, hatte aber keinen Antrieb«
Kultur,2021-02-28 12:04:53,Deutscher Kinderstar in Hollywood: »Ich bin die ganz normale Helena Zengel«
Kultur,2021-02-28 12:03:56,Livemusik-Branche: Was diesen Sommer geht
Kultur,2021-02-28 12:01:13,Cartoons der Woche: Wer mietet, verliert
Netzwelt,2021-02-28 11:56:46,Kalifornische Ärztekammer prüft Vorfall: Chirurg nimmt während OP an Videoschalte teil
Politik,2021-02-28 12:16:00,Coronakrise: Proteste nach »VIP-Impfungen« in Argentinien
Panorama,2021-02-28 11:26:16,Indien: Mann offenbar von eigenem Tier bei illegalem Hahnenkampf getötet
Wirtschaft,2021-02-28 10:54:23,Schulden, Inflation, Crashgefahr: Was die »Go big«-Politik von Joe Biden bedeutet
Politik,2021-02-28 10:51:18,Andrew Cuomo: Weitere Frau wirft New Yorks Gouverneur sexuelle Belästigung vor
Politik,2021-02-28 10:28:51,Nürburgring-Affäre: Verurteilter Ex-Landesminister Deubel darf Pension von 6700 Euro behalten
Politik,2021-02-28 10:19:23,Lockerung der Impfreihenfolge: Bayern und Baden-Württemberg wollen AstraZeneca-Vakzine ohne Priorisierung verimpfen
Stil,2021-02-28 10:17:24,Der Wurm drin – die Gartenkolumne: Ich würde gern im Glashaus sitzen
Sport,2021-02-28 12:16:00,Leichtathletik: Klosterhalfen läuft in ihrem ersten 10.000-Meter-Rennen deutschen Rekord
Politik,2021-02-28 09:45:34,CPAC-Konferenz der Republikaner: Revival-Show für Donald Trump
Sport,2021-02-28 09:30:00,Personelle Konsequenzen beim Tabellenletzten: Schalke 04 trennt sich von Trainer Gross und Sportvorstand Schneider
Panorama,2021-02-28 09:25:45,Miss Germany 2021 zwischen Feminismus und Sexismus: »Ich darf es jetzt sagen, von Frau zu Frau, ihr seht hammer aus«
Sport,2021-02-28 09:14:20,Trotz Geigers Silbermedaille: Eine Heim-WM fast ohne Heimvorteil
Mobilität,2021-02-28 09:12:39,Günstiger Oldtimer Carina: Toyotas Tarnkappe
Politik,2021-02-28 08:38:00,Hongkong: Polizei geht gegen Dutzende Demokratieaktivisten vor
Sport,2021-02-28 12:21:00,Protest durch Kniefall wieder erlaubt: US-Fußballverband streicht umstrittene Hymnenregel
Panorama,2021-02-28 12:17:00,Reemtsma-Entführer: Ermittlungen gegen Drach in Braunschweig wegen Verjährung eingestellt
Panorama,2021-03-01 11:39:00,Ich gegen die Bettwanzen: Teppich? Rausgerissen. Möbel? Zersägt. Fußboden? Angebohrt
Job & Karriere,2021-02-28 07:52:20,Rätsel der Woche: Putzorgie in der Restaurantküche
Wissenschaft,00:00,Corona-News am Sonntag: Scotland Yard löst illegale Partys in London auf
Wissenschaft,2021-02-28 12:20:00,Corona-Pandemie: USA lassen Impfstoff von Johnson & Johnson zu
Sport,2021-02-28 00:02:55,Six Nations gegen Wales: Englands Rugbyspieler und die »verblüffende Unfähigkeit«
Sport,2021-02-27 23:51:25,Schalkes Horrorsaison: Es geht immer noch tiefer
Politik,2021-02-27 22:53:13,Ex-AfD-Funktionär: Kalbitz verzichtet auf Direktkandidatur
Politik,2021-02-27 22:53:00,Konflikt über Kabinettsumbildung: Tunesiens Regierungspartei mobilisiert zu Massendemonstrationen
Sport,2021-02-28 12:12:00,Gladbachs Niederlage in Leipzig: Lieber keine Nachrichten lesen
Politik,2021-02-27 22:24:15,Regierungskrise spitzt sich zu: Armeniens Präsident verweigert Absetzung des Armeechefs
Sport,2021-02-28 12:04:00,Trikotwechsel in der Halbzeit: Orange gegen Rot – NBA-Teams kaum voneinander zu unterscheiden
Sport,2021-02-27 21:57:33,Bayern-Sieg gegen Köln: Ein linker Plan
Politik,2021-02-27 21:51:29,Atomare Abrüstung: Gorbatschow dringt auf persönliches Treffen von Putin und Biden
Politik,2021-02-27 21:36:35,Status als »Gewissensgefangener« aberkannt: Amnesty, Nawalny und der Spott des Kreml
Gesundheit,2021-02-27 21:13:28,Bilder vom Krankenhausalltag: Das passiert hinter den Türen einer Covid-Intensivstation
Politik,2021-02-27 21:10:41,Grenze zu Mexiko: USA verhaften Tausende minderjährige Migranten
Wissenschaft,2021-02-27 20:52:02,Charité-Virologe: Drosten sieht Deutschland »am Anfang einer neuen Verbreitungswelle«
Sport,2021-02-27 20:28:35,Später Sieg in der Fußball-Bundesliga: Leipzig dreht 0:2-Rückstand gegen Gladbach
Politik,2021-02-27 20:08:33,Digitale Bildung: Warum Uruguays Schüler so gut durch die Pandemie kommen
Job & Karriere,2021-02-27 20:03:03,Auswanderin in Schweden: »Ich weiß nicht, ob ich im Sommer noch Geld für Hundefutter habe«
Gesundheit,2021-02-27 19:55:40,Corona-Therapie in Polen: Reha in der Salzmine
Politik,2021-02-27 19:43:00,Geheime Absprachen, Iran-Affäre und Donald Trump: Erdoğans Bad Bank
Sport,2021-02-27 19:32:46,Barças Aufholjagd in der Primera División: Dembélé und Messi beenden Sevillas Siegeslauf
Kultur,2021-02-27 19:20:24,Kinderbuch von Saša Stanišić: Magischer Quatsch
Politik,2021-02-27 19:09:00,Slowakische Präsidentin über Fehler in der Pandemie: »Wir haben die Gefahr unterschätzt«
Kultur,2021-02-27 19:06:00,Corona-Zermürbung: Wir Menschen sind müde
Politik,2021-02-27 18:46:42,Uno-Nothilfe im Jemen: »Wir haben kein Geld mehr, um die Menschen zu ernähren«
Politik,2021-02-27 18:41:05,Bundesparteitag der Linken: Rot-Grün-Schwäche
Panorama,2021-02-27 18:39:59,Bildungspolitik in der Pandemie: Samstagsunterricht statt Sitzenbleiben
Sport,2021-02-27 18:18:27,Skispringen: Zyla wird Weltmeister auf der Normalschanze, Geiger holt Silber
Wirtschaft,2021-02-27 17:56:47,Berkshire Hathaway: Starinvestor Buffett kauft eigene Aktien für fast 25 Milliarden Dollar zurück
Sport,2021-02-27 17:25:00,Fußball-Bundesliga: Die Bayern wieder in der Spur, Wolfsburg zum siebten Mal in Folge ohne Gegentor
Sport,2021-02-27 17:06:00,Hansen siegt bei WM-Premiere der Kombiniererinnen: Die erste Weltmeisterin ist eine 18-Jährige
Wissenschaft,2021-02-27 16:53:04,Pandemie in Deutschland: Experte warnt vor 200er-Inzidenz Anfang April
Wissenschaft,2021-02-27 16:53:00,Lehren aus der Pandemie: So will Dessau Impfstoff-Hub werden
Wirtschaft,2021-02-27 16:50:55,Falsch berechnete Prämiensparverträge: Wie Sie sich von Ihrer Sparkasse Tausende Euro Zinsen zurückholen
Politik,2021-02-27 16:49:13,Myanmar: Militärjunta feuert Uno-Botschafter nach Kritik an Putsch
Stil,2021-02-27 16:48:32,Ostalgie-Sammlung im Nordwesten Deutschlands: Zwei Niedersachsen auf dem Trabi-Trip
Politik,2021-02-27 16:39:23,Einheimische auf Mallorca: Insel der Hungrigen
Panorama,2021-02-27 16:22:30,Uni-Prüfungen in der Coronakrise: Jurastudent klagt gegen Videoaufzeichnung der Fernuni Hagen
Wissenschaft,2021-02-27 16:14:00,TV-Doku »Zum Schutz der Tiere«: Mit Bluthunden gegen Wilderer
Politik,2021-02-27 16:09:21,Corona-Impfungen beim Militär: Offenbar viele Impfskeptiker unter US-Soldaten
Kultur,2021-02-27 16:02:20,Einstiges SED-Parteiorgan: Die Linke denkt über Ausstieg bei »Neues Deutschland« nach
Politik,2021-02-27 15:54:41,Trotz Pandemie: NRW-Innenminister feierte Beförderung mit Polizisten
Sport,2021-02-27 15:34:16,Nordische Ski-WM: Bolschunow düpiert fünf Norweger und holt erstmals WM-Gold
Sport,2021-02-27 15:07:52,Aufstiegskampf in der 2. Fußball-Bundesliga: Bochum und Kiel gewinnen, Fürth lässt Punkte liegen
Panorama,2021-02-27 15:02:00,Nach Tod im Alter von 100 Jahren: Abschied mit militärischen Ehren für Rekordspendensammler »Captain Tom«
Panorama,2021-02-28 11:59:00,Prinz Harry über das Leben im Fokus der britischen Presse: »Ich musste meine Familie da rausholen«
Dein SPIEGEL,2021-02-27 14:33:58,SpaceX-Berater im Kinder-Interview: »Wir wollen eine Stadt auf dem Mars bauen«
Wissenschaft,2021-02-28 12:11:00,In Pompeji: Archäologen finden Triumphwagen mit erotischen Motiven
Politik,2021-02-27 14:25:27,Berichte über Spaniens Ex-König: Juan Carlos soll Steuerschuld mit Darlehen seiner Freunde bezahlt haben
Politik,2021-02-27 14:18:58,Veröffentlichter Geheimdienstbericht: Amerikas neuer Kurs im Fall Khashoggi
Panorama,2021-02-27 13:52:26,Tier von Auto angefahren: Cristiano Ronaldo schickt seine Katze per Privatjet zum Tierarzt
Panorama,2021-02-27 13:49:54,In Kaufbeuren: Vereinsheim explodiert – 1,5 Millionen Euro Schaden
Sport,2021-02-27 13:31:21,Nordische Ski-WM: Johaug stürzt und verteidigt dennoch ihren Titel
Sport,2021-02-27 13:26:05,Schalke 04 im Abstiegskampf: Spieler sollen Ablösung von Trainer Gross gefordert haben – der Klub dementiert
Kultur,2021-02-27 13:20:24,Wegen Corona-Pandemie: Taylor Swift sagt geplante Tour endgültig ab
Tests,2021-02-27 13:00:45,Videochats: Was externe Kameras und Mikros bringen
Panorama,2021-02-27 12:56:50,Frankreich: Geburtshelfer wegen elffacher Vergewaltigung seiner Patientinnen verurteilt
Panorama,2021-02-27 12:46:38,Gefangene Emirstochter in Dubai: Irlands Ex-Präsidentin bedauert eigene Naivität
Sport,2021-02-27 12:21:30,FC Barcelona: Die Krise des Messi-Teams wird zur Krise des ganzen Vereins
Sport,2021-02-27 12:16:00,LeBron James versus Zlatan Ibrahimović: »Lustig, dass ausgerechnet er das sagt«
Sport,2021-02-27 11:59:34,Rallyeweltmeister: Hannu Mikkola ist tot
Politik,2021-02-27 11:53:24,Neue Parteivorsitzende Wissler und Hennig-Wellsow: Links und laut
Wissenschaft,2021-02-27 11:25:27,»Irgendwie schlecht gelaufen«: Ständige Impfkommission will Empfehlung zu AstraZeneca-Impfstoff ändern
Politik,2021-02-27 11:14:19,Verdachtsfälle in der Truppe: Bundeswehr nimmt rechtsextreme Soldaten schärfer ins Visier
Kultur,2021-02-27 11:00:00,Der Streaming-Fahrplan: Gefangen im Netz der Absonderlichkeiten
Politik,2021-02-27 10:44:39,Erstmals weibliches Führungsduo: Janine Wissler und Susanne Hennig-Wellsow sind neue Vorsitzende der Linken
Sport,2021-02-27 12:35:00,Nach Unfall in Kalifornien: Tiger Woods ist »guter Dinge«
Politik,2021-02-27 10:28:59,Gipfel am Mittwoch: Scholz mahnt gemeinsames Vorgehen bei Corona-Lockerungen an
Panorama,2021-02-27 10:22:34,Bilder der Woche: Am Montag öffnen die Friseure
Kultur,2021-02-27 12:01:00,Auftakt von »Let's Dance«: Wo Mr. Tagesschau auf Prince Charming trifft
Politik,2021-02-27 12:31:00,Gerichtsurteil im Fall Shamima Begum: Ex-IS-Kämpferin darf nicht in ihre Heimat Großbritannien zurückkehren
Wissenschaft,2021-02-27 10:06:00,Flugsicherheit: Luftüberwachung aus dem All
Politik,2021-02-27 12:32:00,Unfaire Impfstoffverteilung: Das Sterben der Ärmeren
Gesundheit,2021-02-27 10:00:00,Positiv bleiben: Wie wir lernen, mit negativen Nachrichten umzugehen
International,2021-02-27 09:53:11,Pass the Buck to Moscow: A Possible Solution to the Nord Stream 2 Conundrum
Politik,2021-02-27 09:50:12,Streit über Nord Stream 2: Der schwarze Peter muss nach Moskau
Panorama,2021-02-27 09:21:57,Lady Gagas Hunde sind zurück: Die wertvollsten Bulldoggen von Los Angeles
Sport,2021-02-27 12:27:00,Misshandlungen im Turnen: »Als Kind merkt man nicht, in welcher Abhängigkeit man sich befindet«
Job & Karriere,2021-02-27 08:44:30,Fern-Office auf Gran Canaria: »Ich weiß, ich bin sehr privilegiert«
Politik,2021-02-27 08:24:09,US-Kongress: Repräsentantenhaus stimmt für Bidens Corona-Hilfspaket
Panorama,2021-02-27 07:46:00,Haiti: Dutzende Tote nach Gefängnisausbruch – 200 Insassen auf der Flucht
Reise,2021-02-27 07:22:50,Charterskipper auf den Bahamas: Wenn beim Segeln das Segel stört
Panorama,2021-02-27 07:00:00,Ein Oberstaatsanwalt packt aus: So behindert der Staat den Kampf gegen Verbrecher
Politik,2021-02-27 06:40:55,Die Lage am Morgen: Trump plant Rundumschlag gegen seine Kritiker
Mobilität,2021-02-27 06:23:29,Busse im Nahverkehr: Batterie schlägt Wasserstoff
Wissenschaft,00:00,Corona-News am Samstag: Österreich und Dänemark wollen bei Impfstoffen mit Israel zusammenarbeiten
Politik,2021-02-27 12:27:00,US-Geheimdienst zum Fall Khashoggi: Die Anklageschrift
Netzwelt,2021-02-27 00:43:00,Promi-Gamer MontanaBlack: Für Oma einen Maserati, für unerwünschten Besuch einen Baseballschläger
Wirtschaft,2021-02-27 00:41:28,Wall-Street-Trend: Das heißeste Ding an den Kapitalmärkten – was Sie über Spacs wissen sollten
Start,2021-02-27 00:41:26,Wirtschaftspsychologe über Job-Interviews: Sind Intelligenztests die besseren Bewerbungs­gespräche?
Politik,2021-02-27 00:41:12,Corona-Affäre in Brasilien: Die Impfungen, die gar keine waren
Partnerschaft,2021-02-27 00:41:00,Toxische Liebe: Wenn die Beziehung zur Falle wird
Politik,2021-02-27 00:16:40,Nach Putsch und Unruhen: Myanmars Uno-Botschafter spricht sich gegen Militärjunta aus
Wissenschaft,2021-02-27 12:25:00,Corona-Pandemie: Expertenstab der US-Arzneimittelbehörde empfiehlt Impfstoff von Johnson & Johnson
Sport,2021-02-27 12:27:00,Trainerstreit bei Werder gegen Frankfurt: »Man muss dann auch mal mit Anstand verlieren können«
Politik,2021-02-27 12:25:00,Reaktion auf Geheimdienstpapier: Saudi-Arabien weist US-Bericht zu Khashoggi als falsch zurück
Sport,2021-02-26 22:26:00,Fußball-Bundesliga: Bremen gewinnt und beendet Frankfurts Siegesserie
Politik,2021-02-26 22:11:34,Neue Industriestrategie: Grüne suchen Nähe zur Wirtschaft
Panorama,2021-02-26 22:09:05,Erfurt: Polizei entdeckt sechs afghanische Minderjährige in Lastwagen
Sport,2021-02-26 20:50:50,Beschluss des Handballverbands: Flensburg und Kiel verlieren Spiele, die sie wegen Corona nicht antreten konnten
Politik,2021-02-26 20:42:14,Schwangere zündete sich an: Griechische Staatsanwaltschaft will Geflüchtete wegen Brandstiftung belangen
Politik,2021-02-26 20:39:55,Acht Milliarden – Der Auslands-Podcast: Die verlorene Lockdown-Generation
Politik,2021-02-26 20:34:56,Rachefeldzug nach Freispruch in Missbrauchsskandal: Schottlands Regierungspartei zerlegt sich
Wirtschaft,2021-02-26 20:34:05,Streit über Sachverständige: Schluss mit dem Märchen von den Wirtschaftsweisen
Sport,2021-02-26 20:03:29,Österreichs Marita Kramer bei der Nordischen Ski-WM: Happy End dank 70 Zentimeter Vorsprung
Panorama,2021-02-26 19:25:33,Orlando Bloom singt für seine Tochter: Ein Lied aus drei Buchstaben
Politik,2021-02-26 19:25:07,Vertraulicher Bericht jetzt öffentlich: US-Geheimdienste machen saudischen Kronprinzen für Khashoggi-Mord verantwortlich
Panorama,2021-02-26 19:09:29,Prozess gegen Berliner Rapper: Staatsanwaltschaft fordert Haftstrafe für Fler
Politik,2021-02-26 19:07:22,Tödlicher Unfall in South Dakota: Minister überfährt Mann – und verstrickt sich in Widersprüche
International,2021-02-26 19:07:00,Erdoğans Bad Bank on Trial: Shedding Light on an Alleged Plot to Evade Iran Sanctions
Politik,2021-02-26 18:51:44,Kritik an Grünen und FDP: Innenminister beklagen Blockade bei Gesetz gegen Hasskriminalität
Politik,2021-02-26 18:47:25,Unterstützungsunterschriften: Kleinparteien fordern niedrigere Zulassungshürden zur Bundestagswahl
Wirtschaft,2021-02-26 18:31:00,Umstrukturierung während Coronakrise: Flughafen München tauscht Führungsspitze fast vollständig aus
International,2021-02-26 18:24:28,"We Underestimated the Danger Last Summer": Slovakia's President Discusses Her Country's COVID Problem
International,2021-02-26 18:24:09,Top EU Diplomat on Moscow Mishaps: "I Should Have Indulged My Desire To Argue a Little More"
Sport,2021-02-26 18:21:48,Experimente mit DDR-Freizeitsportlern: »Es sind Menschenversuche gewesen«
Panorama,2021-02-26 18:08:00,Reemtsma-Entführer: Niederländischer Richter verlängert Haft für Thomas Drach
Wirtschaft,2021-02-26 18:00:00,Landwirtschaftsinfluencer im Dienste der Agrarindustrie: »Warum ich diese Mail schreibe, dürfte klar geworden sein: Geld!«
Sport,2021-02-26 17:51:33,Norwegischer Kombinierer Riiber: Aufreizend leicht zum nächsten WM-Titel
Panorama,2021-02-26 17:49:00,Fünf Kinder getötet: Staatsanwaltschaft erhebt Mordanklage gegen Mutter
Netzwelt,2021-02-26 17:46:24,Beleidigungen gegen K-Pop-Band: Wie ein bayerischer Radiosender in einen weltweiten Proteststurm geriet
Politik,2021-02-26 17:46:00,Die Lage am Abend: Spahn und die Operation Warpkernbruch
Kultur,2021-02-26 17:40:16,Album der Woche mit Julien Baker: All die kleinen Besinnungslosigkeiten
Politik,2021-02-26 17:36:09,Massaker von Aksum: »Sie erschossen meine Nachbarin. Neben ihren Kindern. Einfach so«
Sport,2021-02-26 17:00:00,Was Fritz Keller an seinen Vorgänger Niersbach schrieb: Der seltsame Jubelbrief des DFB-Chefs
Politik,2021-02-26 16:55:00,Bundestagswahlkampf: Arbeitnehmerflügel der Union fordert Vaterschaftsurlaub nach der Geburt
Panorama,2021-02-26 16:52:21,Frankreich: Mit 191 km/h zum Impftermin – Polizei stoppt 88-Jährigen
Wirtschaft,2021-02-26 16:42:01,Biontech-Chef Şahin im Interview: »Wir bereiten uns auf neue Mutationen vor«
Wissenschaft,2021-02-26 16:37:00,Klima in Deutschland: Winter zum zehnten Mal in Folge zu warm
Wirtschaft,2021-02-26 16:36:00,Jahreszahlen: VW büßt 37 Prozent Gewinn ein
Panorama,2021-02-26 16:26:02,Nigeria: Bewaffnete entführen mehr als 300 Mädchen aus Schule
Sport,2021-02-26 16:11:00,Herzinfarkt beim Handball: Portugals Nationaltorwart bricht im Training zusammen und stirbt mit 32
Politik,2021-02-26 16:05:53,Corona-Hilfen für Familien: Bundesländer geizen beim Kinderbonus
Politik,2021-02-26 16:01:17,Affäre um CSU-Politiker Nüßlein: In der Maskenfalle
Wirtschaft,2021-02-26 16:01:00,Coronakrise: Bundesagentur für Arbeit meldet für 2020 Rekordausgaben
Politik,2021-02-26 16:00:00,Vizechef der EU-Kommission nach Demütigung in Moskau: »Ich hätte meiner Lust am Streit nachgeben sollen«
Netzwelt,2021-02-26 15:50:00,Digitale Behördenbriefe: Telekom-Chef erklärt De-Mail zum »toten Gaul«
Sport,2021-02-26 15:48:05,Wegen Arbeitsbedingungen in Katar: Norwegische Klubs rufen zum WM-Boykott auf
Reise,2021-02-26 15:31:30,Von Dänemark bis Griechenland: So ist die Corona-Lage in beliebten Osterurlaubsländern
Panorama,2021-02-26 15:28:44,Nach Rückkehr zum Präsenzunterricht: Österreich meldet rund 1500 positive Corona-Tests an Schulen
Wirtschaft,2021-02-26 15:22:00,Teil der Überbrückungshilfe: Brauer sollen Kosten für verdorbenes Bier erstattet bekommen
Sport,2021-02-26 15:54:00,Olympia-Bewerbung Rhein-Ruhr 2032: Reiterspiele auf einem toten Pferd
Politik,2021-02-26 15:16:31,Wegen Korruptionsermittlungen: Nüßlein lässt Amt als Unionsfraktionsvize ruhen
Wirtschaft,2021-02-26 15:08:55,Wegen Aufruf zum Fleischverzicht: Deutsche Großschlachter kritisieren Bill Gates scharf
Wirtschaft,2021-02-26 15:07:00,Medienbericht: Lieferando kopiert offenbar tausendfach Restaurant-Websites
Politik,2021-02-26 15:04:58,Heikler Waffenkauf: »Frontex schafft sich eine Art polizeiliches Spezialkommando«
Panorama,2021-02-26 15:01:44,Kinderpornografie: Polizeigewerkschaft warnt vor Überforderung durch massenhafte Hinweise
Politik,2021-02-26 15:00:00,Interne Anweisungen bei RT Deutsch: So arbeitet Putins Propagandasender
Kultur,2021-02-26 14:55:00,Offener Brief zum Kultur-Lockdown: »Theater so schnell wie den Einzelhandel öffnen«
Politik,2021-02-26 14:53:41,Warnung der Polizeichefin: »Anhänger von Milizen wollen das US-Kapitol in die Luft jagen«
Familie,2021-02-26 14:52:43,Tipps gegen Kinderängste: Fürchte dich nicht! Aber wie geht das?
Sport,2021-02-26 14:51:51,Missbrauch im Turnen: 17 ehemalige Sportlerinnen verklagen britischen Verband
Stil,2021-02-26 14:41:39,Fotoprojekt: Wenn Dinge uns anlächeln
Wissenschaft,2021-02-26 14:39:33,Coronavirus – die Woche: Achtung, Ausweg!
Politik,2021-02-26 14:27:19,Auszeichnung für Biontech-Gründer: Özlem Türeci und Uğur Şahin erhalten Bundesverdienstkreuz
Kultur,2021-02-26 14:09:00,Anwältin des Vaters kritisiert Britney-Spears-Doku: »Verstehe, dass jede Geschichte einen Bösewicht braucht«
Panorama,2021-02-26 14:05:31,Verfolgungsjagd mit Auto: Polizei prüft umstrittenen Einsatz in Hamburger Park
Wissenschaft,2021-02-26 14:04:13,Uno-Bericht: Selbst wenn die Staaten ihre Klimapläne einhalten, verfehlt die Welt das Zwei-Grad-Ziel
Panorama,2021-02-26 14:00:23,Bürokratie: Bundespolizei treibt Kosten für Einsätze kaum ein
Panorama,2021-02-26 13:11:10,Sarah Connor vermisst Liveauftritte: »Ich habe das Gefühl, ein Teil von mir stirbt«
Wirtschaft,2021-02-26 13:10:00,Neues Energielabel für Haushaltsgeräte: A+++ ist bald passé
Sport,2021-02-26 13:06:53,Traditionalisten gegen Modernisierer: Wie der Sport Esports die Anerkennung verweigert
Kultur,2021-02-26 13:05:25,Zürich-»Tatort« über Schokoladen-Clan: Toxische Weiblichkeit
Wirtschaft,2021-02-26 13:01:20,Coronakrise und Insolvenzen: Wo in Deutschland die »Zombiefirmen« lauern – und wo nicht
Panorama,2021-02-26 13:00:26,Sicherheit in Deutschland: BKA-Bericht offenbart Behördenchaos im Umgang mit Intensivtätern
Sport,2021-02-26 13:00:00,Neue Studie zum Spitzensport: Massagen sind beliebt – aber nutzlos
Wissenschaft,2021-02-26 13:00:00,Audiostory: Corona-Vorhersagen: Wo lagen sie richtig – und wo nicht?
Politik,2021-02-26 13:00:00,Audiostory: Die Fehler des Jens Spahn
Psychologie,2021-02-26 13:00:00,Audiostory: Die beste Zeit unseres Lebens ist jetzt
Politik,2021-02-26 13:00:00,Audiostory: So arbeitet Putins Propagandasender
Politik,2021-02-26 13:00:00,Audiostory: Deutschlands Corona-Bilanz
Politik,2021-02-26 13:00:00,Audiostory: Papageien in Plastikflaschen
Politik,2021-02-26 13:00:00,Audiostory: Die Verlierer der Pandemie sind diese Kinder
Kultur,2021-02-26 13:00:00,Nachruf auf die Ehe von Kim Kardashian und Kanye West: Sie hat eine Hoheit über die eigene Person, die er nicht mehr besaß
Politik,2021-02-26 13:00:00,Reporter berichten aus Brasilien, Indien, Südafrika: Das Schlimmste steht dieser Generation noch bevor
Panorama,2021-02-26 13:00:00,Audiostory: Gebt nicht der Kirche das Geld, sondern den Opfern
Sport,2021-02-26 13:00:00,Audiostory: Fifa-Boss Infantino – Der Spielmacher
Wissenschaft,2021-02-26 13:00:00,Drosten, Streeck, Brinkmann im Virologen-Check: Wo lagen die Experten richtig – und wo falsch?
Panorama,2021-02-26 13:00:00,Versagen nach Missbrauchsskandal: Gebt nicht der Kirche das Geld, sondern den Opfern
Wirtschaft,2021-02-26 13:00:00,Bertelsmann-Chef zur möglichen Medienfusion: »Ich habe das Gefühl, dass RTL und Gruner + Jahr gut zusammenpassen könnten«
Politik,2021-02-26 13:00:00,Von der Kanzlerhoffnung zum Pannenminister: Die Fehler des Jens Spahn
Wirtschaft,2021-02-26 13:00:00,Geldentwertung: Die Geißel Inflation ist wieder da
Mobilität,2021-02-26 13:00:00,Apple und Sony greifen die Autoindustrie an: Droht VW, BMW und Daimler das Nokia-Schicksal?
Psychologie,2021-02-26 13:00:00,Frauen um die 50: Die beste Zeit unseres Lebens ist jetzt
Kultur,2021-02-26 13:00:00,Spotify-Managerin über Podcasts: »Deutschland ist unser Leitstern«
Politik,2021-02-26 13:00:00,Vorschlag zur Fusion von ARD und ZDF: Hat sich der Unions-Wirtschaftsflügel bei der AfD verlaufen?
Panorama,2021-02-26 13:00:00,Tourismuszahlen brechen ein: Braucht Österreich ein neues Geschäftsmodell?
Sport,2021-02-26 13:00:00,Unterwegs mit Fifa-Boss Infantino: Immer Mittelstürmer
Politik,2021-02-26 13:00:00,Bestsellerautorin streitet mit Kanzlerkandidat: Vertritt die SPD noch die Arbeiterklasse, Herr Scholz?
Wissenschaft,2021-02-26 13:00:00,Paläontologe über Lehren aus Mammutzähnen: »Man erkennt im Erbgut, ob eine Art bedroht ist«
Politik,2021-02-26 13:00:00,Der große Corona-Schadensbericht: Wie es Deutschland jetzt geht – und was uns noch bevorsteht
Kultur,2021-02-26 13:00:00,Soziologische Satire: Der Punk der Millennials
Wirtschaft,2021-02-26 12:47:33,2020 erstes Minus seit Jahrzehnten: BASF meldet Milliardenverlust
Politik,2021-02-26 12:34:00,Spaniens Ex-König: Juan Carlos zahlt vier Millionen Euro Steuern nach
Panorama,2021-02-26 12:28:00,Die Drogen und der Rechtsstaat: Größter Kokainfund aller Zeiten – ja, und?
Wirtschaft,2021-02-26 12:24:00,Bei Shutdown-Verlängerung: Verbände fürchten Substanzverlust der Wirtschaft
Netzwelt,2021-02-26 12:20:24,Boston Dynamics: New Yorker Polizei setzt Roboterhund ein
Politik,2021-02-26 12:18:18,Erfolg für die Regierung: Gericht billigt Ausgangssperre in den Niederlanden
Sport,2021-02-26 12:12:03,Bundesliga-Fanexpertinnen und -experten: »In Mainz wird an die legendäre Saison 1995/1996 erinnert«
International,2021-02-26 18:31:00,Illegal Pushbacks: Children Caught in “The Game” on the Croatian Border
Politik,2021-02-26 12:07:10,Geschlossene Grenzen: Russische Diplomaten verlassen Nordkorea auf Waggon
Wirtschaft,2021-02-26 12:06:45,Weniger Praxisbesuche: Kinderärzte fürchten Pleitewelle
Politik,2021-02-26 12:02:13,Polizeiliche Kriminalstatistik: Seehofer offen für genaue Erfassung frauenfeindlicher Straftaten
Politik,2021-02-26 11:41:00,Neue Unterlagen zu überteuerten Masken-Deals: »Sehr geehrter Herr Spahn, anbei Angebot«
Sport,2021-02-26 11:35:15,NOK von Belarus: Lukaschenko wird Lukaschenko-Nachfolger
Sport,2021-02-26 11:10:04,Bayern-Talent Musiala: Schmächtig erfolgreich
Wirtschaft,2021-02-26 11:07:13,FDA-Entscheidung: Biontech-Impfstoff darf in den USA ins normale Gefrierfach
Wissenschaft,2021-02-26 10:48:52,RKI-Chef Lothar Wieler: »Wir sehen aktuell deutliche Signale einer Trendumkehr«
Wissenschaft,2021-02-26 10:44:38,Vogelgrippe H5N8 im Menschen: »Wir sollten die Situation ernst nehmen, sie aber auch nicht überbewerten«
Netzwelt,2021-02-26 10:32:54,Monatsabos für Fans: Nutzer sollen bald auf Twitter Geld verdienen können
Panorama,2021-02-26 10:30:29,Schweden: Vier Männer tot aus zugefrorenem See geborgen
Wirtschaft,2021-02-26 10:26:31,Vegane Burger-Alternative: Beyond Meat schließt mehrjährige Partnerschaft mit Fast-Food-Ketten
Wissenschaft,2021-02-26 10:07:00,Pressekonferenz: Gesundheitsminister Spahn und RKI-Chef Wieler über die Corona-Lage
Politik,2021-02-26 10:05:46,Parteitag wählt neue Spitze: Verstehen Sie die Linkspartei?
Politik,2021-02-26 10:05:00,Truppenabzug: Kramp-Karrenbauer besucht deutsche Soldaten in Afghanistan
Panorama,2021-02-26 10:03:33,95-jährige ehemalige KZ-Schreibkraft: Von ihrem Arbeitsplatz hatte sie freien Blick auf das Krematorium
Panorama,2021-02-26 09:53:30,Fehlerhafter Kontrollsensor: Boeing 777 in Moskau notgelandet
Panorama,2021-02-26 09:47:00,Istanbul: Mutter wirft ihre vier Kinder aus dem dritten Stock – und rettet sie so
Netzwelt,2021-02-26 09:46:45,Digitaler Unterricht: Schwachstellen in der HPI Schul-Cloud entdeckt
Wirtschaft,2021-02-26 09:46:00,Übernahme des US-Konkurrenten Sprint: Deutsche Telekom macht erstmals mehr als 100 Milliarden Euro Umsatz
Wirtschaft,2021-02-26 11:49:00,Betrugsskandal: Wirecard-Chef Markus Braun bleibt hinter Gittern
Politik,2021-02-26 09:33:15,Weltkarte der Impfstoffverteilung: Es wäre genug für alle Menschen da – würden reiche Länder teilen
Wirtschaft,2021-02-26 09:24:00,Neue Abgasnorm: BMW-Betriebsratschef warnt vor massivem Stellenabbau durch Euro 7
Kultur,2021-02-26 09:01:00,Aussagen über BTS-Coverversion: BR entschuldigt sich für Moderator
Panorama,2021-02-26 17:16:00,»Germanys Next Topmodel«: Heidi Klum lässt Models fast nackt auf den Laufsteg
Panorama,2021-02-26 08:23:13,Organisierte Kriminalität: Razzia gegen Neonazi-Netzwerk in Thüringen
Politik,2021-02-26 08:16:29,Diplomatischer Eklat: Ausgespähte Erdoğan-Gegner wurden möglicherweise abgeschoben
Politik,2021-02-26 08:15:43,Militäreinsätze in der Sahelzone: Ein »Desaster« in Libyen, »erfolglos« in Mali
Wirtschaft,2021-02-26 10:48:00,Finanzdienstleister: Grenke räumt erneut schwere Fehler ein
Politik,2021-02-26 10:47:00,Verstoß gegen Verfahrensregeln: Biden kann US-Mindestlohn nicht mithilfe von Konjunkturpaket erhöhen
Wirtschaft,2021-02-26 07:27:01,Haushaltspolitik: Rehberg rechnet auch für 2022 noch mit Aussetzen der Schuldenbremse
Panorama,2021-02-26 07:20:28,Niedersachsen: Mann verschläft Zimmerbrand in eigenem Haus
Politik,2021-02-26 10:50:00,Vor Bund-Länder-Beratungen: Söder warnt vor »Blindflug« bei Lockerungen
Politik,2021-02-26 06:01:21,Abendessen in Corona-Zeiten: Wie Minister Spahn auf die eigenen Mahnungen pfiff
Politik,2021-02-26 05:40:55,Die Lage am Morgen: Kippt die Corona-Inzidenz 35?
Start,2021-02-26 05:15:35,Missgeschicke in E-Mails: »Sehr geehrte Frau Höhepunkt«
Mobilität,2021-02-26 10:51:00,Porsche 911 von Diego Maradona wird versteigert: Das Auto Gottes
Wissenschaft,00:00,Corona-News am Freitag: Impfkommission will Empfehlung zu AstraZeneca-Vakzin ausweiten
Politik,2021-02-26 02:57:23,Auf Bidens Befehl: US-Armee greift Einrichtungen proiranischer Kämpfer in Syrien an
Sport,2021-02-26 00:10:09,Athletensprecherin Hayley Wickenheiser: Die Frau, die das IOC aufschreckt
Panorama,2021-02-26 00:09:55,Barbara Becker über Auszug ihrer Söhne: »Alle Eltern leiden darunter, nur wenige sprechen darüber«
Panorama,2021-02-26 00:09:48,Impfskeptikerin auf Intensivstation: »Ich lerne zu atmen«
Wirtschaft,2021-02-26 00:08:00,Sagen, was ist. DER SPIEGEL-Podcast: Deutschlands Traum von einer müllfreien Zukunft
Politik,2021-02-26 10:50:00,US-Präsident Biden telefoniert mit saudischem König: Kein Wort zum Fall Khashoggi
Politik,2021-02-26 13:00:00,Audiostory: Erdoğans Bad Bank
Sport,2021-02-26 09:30:00,Europa League: K.o. für Schmidt und Götze kurz vor Schluss
Politik,2021-02-26 10:39:00,Polizeichefin des US-Parlaments warnt: Trump-Anhänger wollen »das Kapitol in die Luft sprengen«
Panorama,2021-02-25 22:51:04,Sexuelle Gewalt im Erzbistum Köln: Woelkis Krisenmanagement bei Missbrauchsaufarbeitung ein »Desaster«
Sport,2021-02-25 22:52:00,Missbrauch im US-Turnen: Ex-Trainer Geddert nach Anklage tot aufgefunden
Politik,2021-02-25 22:21:53,Khat in Dschibuti: Wo der Drogenhandel fest in Frauenhand ist
Sport,2021-02-25 22:10:37,Einstellung des Verfahrens gegen Beckenbauer, Zwanziger und Schmidt: Fifa und Ethik – das geht nicht zusammen
Politik,2021-02-25 22:01:00,Ermittlungen gegen Ex-US-Präsidenten: Trumps Steuerunterlagen können endlich geprüft werden
Panorama,2021-02-26 10:37:00,500.000 Dollar Belohnung: Lady Gagas Hunde gestohlen
Panorama,2021-02-25 21:44:00,Drogenbanden in Ecuador: Polizeieinsatz im Gefängnis
Reise,2021-02-25 21:34:00,Wettlauf zwischen Briten und Deutschen: Wer wirft als Erster sein Handtuch auf Mallorcas Liegen?
Sport,2021-02-25 22:58:00,Debakel für die Bundesligaklubs in der Europa League: Hoffenheim und Leverkusen scheiden nach Heimniederlagen aus
Panorama,2021-02-25 20:47:22,Mädchenmord-Prozess: »Ich weiß, dass er irgendwann ins Heim gekommen ist«
Politik,2021-02-25 20:36:52,Nach EU-Gipfel: Merkel will EU-Impfpass in den nächsten drei Monaten
