Politik,20:28,Alltagsfern realitätsfern unplausibel
Politik,19:36,Zahl der Lockerungsbefürworter gestiegen
Politik,18:32,Kurz vor der Wahl im Südwesten
Politik,18:11,Impfen Schnelltests Kontaktnachverfolgung
Politik,17:27,Korruptionsverdacht gegen CDU-Politiker Fischer
Politik,17:13,Franziska Giffey zum Frauentag
Politik,17:05,Europas Christdemokraten trennen sich von Fidesz
Politik,16:12,Was der Krieg Syrien kostet
Politik,16:08,Öffnen um jeden Preis
Politik,16:03,BND wirbt um Computer-Nerds
Politik,15:47,Marine Le Pen im Umfragehoch
Politik,15:42,Inklusion in der Politik lässt auf sich warten
Politik,15:30,Bis zu 500.000 Dollar Schmiergeld
Politik,14:05,Söder geht Scholz auf Corona-Gipfel an
Politik,13:56,Schlappe für Merkel
Politik,13:50,US-Sanktionen
Politik,13:36,Abgeordnetenbüro und Wohnung durchsucht
Politik,13:34,Coronaleugner kooperieren über Grenzen hinweg
Politik,12:43,FDP-Politikerin Daniela Schmitt
Politik,11:18,So viel Öffnung ist es gar nicht
Wirtschaft,18:18,Neues Personenbeförderungsgesetz
Wirtschaft,17:39,Shoppen nur nach Termin?
Wirtschaft,16:37,Ein Kommentar zur Lufthansa
Wirtschaft,03.03.2021 16:32,Brauereien drängen auf Öffnung der Gaststätten
Wirtschaft,03.03.2021 15:11,Berliner Mercedes-Werk
Wirtschaft,03.03.2021 12:28,Auch der Wirtschaft wäre geholfen
Wirtschaft,03.03.2021 11:18,"Nachhaltigkeit ist nicht gratis"
Wirtschaft,03.03.2021 09:41,EU-Pläne für gerechte Löhne
Gesellschaft,18:39,Öffnungen trotz hoher Inzidenz
Gesellschaft,18:03,Hinweise auf illegalen Handel mit Bären
Gesellschaft,17:10,„Black Narcissus“ bei Disney+
Gesellschaft,13:35,Berliner Intensivpfleger an der Corona-Front
Gesellschaft,09:49,Matthias Opdenhövel geht
Gesellschaft,08:15,Im Interview mit Oprah Winfrey
Gesellschaft,03.03.2021 17:19,TV-Krimis und ihre Stereotypen
Gesellschaft,03.03.2021 15:14,Tessa Ganserer will als erste trans Frau in den Bundestag
Gesellschaft,03.03.2021 13:29,Neue Gottschalk-Show „Nochmal 18!“
Gesellschaft,03.03.2021 07:13,Scheingefechte um Grenzwerte
Kultur,18:34,Das Tanztheater in Zeiten von Corona
Kultur,17:49,Der Prachtband "Geheimnisse der Tierwelt"
Kultur,17:21,Stufenplan für die Kultur
Kultur,16:27,Dieses Kinderbuch zeigt dass Forschung fasziniert
Kultur,16:12,Berlinale im Lockdown vorletzter Tag
Kultur,10:01,Reporterin Verlegerin Anarchistin
Kultur,08:40,Leider ein Reinfall
Kultur,03.03.2021 19:20,Ist die Saison gelaufen?
Kultur,03.03.2021 18:10,Online-Schau zu jüdischem Leben
Kultur,03.03.2021 17:32,Weitere Absagen von Comic-Events
Kultur,03.03.2021 17:04,In den Fünfzigern landete er Welthits
Kultur,03.03.2021 16:57,Berlinale im Lockdown
Kultur,03.03.2021 16:36,Ein Friede mit fatalen Folgen
Kultur,03.03.2021 08:34,Ein Kinderbuch von Saša Stanišić und Katja Spitzer
Kultur,03.03.2021 07:54,"Unsichtbare Tinte" von Patrick Modiano
Sport,20:46,Eisbären Berlin in der Eishockey-Saison 2020/21
Sport,17:05,50 Jahre Turbine Potsdam
Sport,16:28,Hertha BSC in der Saison 2020/21
Sport,16:17,Fünf Wochen nach dem Sieger
Sport,12:55,Bis die Rollfelder glühen
Sport,10:17,Hallen-EM in Corona-Hotspot Polen
Sport,08:51,Eisbären Berlin vor Spitzenspiel in Bremerhaven
Sport,03.03.2021 22:43,Viertelfinale im DFB-Pokal
Sport,03.03.2021 20:26,Der 1. FC Union in der Saison 2020/21
Sport,03.03.2021 19:56,1. FC Union und Grischa Prömel kurz vor dem Ziel
Sport,03.03.2021 14:24,Untergewicht im Langlauf
Sport,03.03.2021 12:26,Comeback der Snooker-Legende
Sport,03.03.2021 08:54,Kolumne: Meine Paralympics
