Politik,16:12,Was der Krieg Syrien kostet
Politik,16:08,Öffnen um jeden Preis
Politik,16:03,BND wirbt um Computer-Nerds
Politik,15:47,Marine Le Pen im Umfragehoch
Politik,15:42,Inklusion in der Politik lässt auf sich warten
Politik,15:30,Bis zu 500.000 Dollar Schmiergeld
Politik,14:05,Söder geht Scholz auf Corona-Gipfel an
Politik,13:56,Schlappe für Merkel
Politik,13:50,US-Sanktionen
Politik,13:36,Abgeordnetenbüro und Wohnung durchsucht
Politik,13:34,Coronaleugner kooperieren über Grenzen hinweg
Politik,12:43,FDP-Politikerin Daniela Schmitt
Politik,11:18,So viel Öffnung ist es gar nicht
Politik,11:09,„Katastrophe“ „inakzeptabel“ „grobes Versagen“
Politik,11:05,Miliz plant laut Polizei Attacke auf das Kapitol
Politik,10:36,Nach Äußerungen des RKI-Chefs
Politik,09:54,„Gegen die schleichende Islamisierung“
Politik,09:26,Ein „starkes Signal“ an die USA
Politik,08:52,Nach KSK-Vorfällen
Politik,08:39,Welchen Kurs gegenüber China?
Wirtschaft,16:37,Ein Kommentar zur Lufthansa
Wirtschaft,03.03.2021 16:32,Brauereien drängen auf Öffnung der Gaststätten
Wirtschaft,03.03.2021 15:11,Berliner Mercedes-Werk
Wirtschaft,03.03.2021 12:28,Auch der Wirtschaft wäre geholfen
Wirtschaft,03.03.2021 11:18,"Nachhaltigkeit ist nicht gratis"
Wirtschaft,03.03.2021 09:41,EU-Pläne für gerechte Löhne
Wirtschaft,02.03.2021 20:20,Kommt jetzt die Fleischsteuer?
Wirtschaft,02.03.2021 18:05,Fleischsteuer Tierwohl-Soli
Gesellschaft,16:43,Öffnungen trotz hoher Inzidenz
Gesellschaft,13:35,Berliner Intensivpfleger an der Corona-Front
Gesellschaft,09:49,Matthias Opdenhövel geht
Gesellschaft,08:15,Im Interview mit Oprah Winfrey
Gesellschaft,03.03.2021 17:19,TV-Krimis und ihre Stereotypen
Gesellschaft,03.03.2021 15:14,Tessa Ganserer will als erste trans Frau in den Bundestag
Gesellschaft,03.03.2021 13:29,Neue Gottschalk-Show „Nochmal 18!“
Gesellschaft,03.03.2021 07:13,Scheingefechte um Grenzwerte
Gesellschaft,02.03.2021 22:58,Skandal bei US-Version des „Bachelor“
Gesellschaft,02.03.2021 19:34,Esken und Kühnert „beschämt“
Gesellschaft,02.03.2021 18:07,ZDF-Intendant
Gesellschaft,02.03.2021 13:31,Interview mit Filmemacherin Francy Fabritz
Gesellschaft,02.03.2021 09:21,Talkrunde bei Anne Will
Gesellschaft,02.03.2021 08:15,Zwei Vulkane in Indonesien ausgebrochen
Kultur,16:27,Dieses Kinderbuch zeigt dass Forschung fasziniert
Kultur,16:12,Berlinale im Lockdown vorletzter Tag
Kultur,10:01,Reporterin Verlegerin Anarchistin
Kultur,08:40,Leider ein Reinfall
Kultur,03.03.2021 19:20,Ist die Saison gelaufen?
Kultur,03.03.2021 18:10,Online-Schau zu jüdischem Leben
Kultur,03.03.2021 17:32,Weitere Absagen von Comic-Events
Kultur,03.03.2021 17:04,In den Fünfzigern landete er Welthits
Kultur,03.03.2021 16:57,Berlinale im Lockdown
Kultur,03.03.2021 16:36,Ein Friede mit fatalen Folgen
Kultur,03.03.2021 08:34,Ein Kinderbuch von Saša Stanišić und Katja Spitzer
Kultur,03.03.2021 07:54,"Unsichtbare Tinte" von Patrick Modiano
Kultur,02.03.2021 18:47,Frauenanteil in der Klassik
Kultur,02.03.2021 18:31,Hanne Darboven im Duisburger Museum Küppersmühle
Kultur,02.03.2021 18:00,Berlinale im Lockdown
Kultur,02.03.2021 16:59,Internet und Persönlichkeit
Kultur,02.03.2021 13:25,Hans Otto Theater in der Pandemie
Kultur,02.03.2021 11:27,Trotz marginaler Verkäufe
Kultur,02.03.2021 09:20,Was noch gefehlt hat
Kultur,02.03.2021 09:00,Ein Blick auf Esch
Sport,16:28,Hertha BSC in der Saison 2020/21
Sport,16:17,Fünf Wochen nach dem Sieger
Sport,16:06,Eisbären Berlin in der Eishockey-Saison 2020/21
Sport,12:55,Bis die Rollfelder glühen
Sport,10:17,Hallen-EM in Corona-Hotspot Polen
Sport,08:51,Eisbären Berlin vor Spitzenspiel in Bremerhaven
Sport,03.03.2021 22:43,Viertelfinale im DFB-Pokal
Sport,03.03.2021 20:26,Der 1. FC Union in der Saison 2020/21
Sport,03.03.2021 19:56,1. FC Union und Grischa Prömel kurz vor dem Ziel
Sport,03.03.2021 14:24,Untergewicht im Langlauf
Sport,03.03.2021 12:26,Comeback der Snooker-Legende
Sport,03.03.2021 08:54,Kolumne: Meine Paralympics
Sport,02.03.2021 22:52,Sanchos Treffer genügt Borussia Dortmund
Sport,02.03.2021 20:11,Nachfolger vom glücklosen Gross gefunden
Sport,02.03.2021 19:48,Breitensport drängt auf Lockdown-Ausweg
Sport,02.03.2021 18:04,Sportvorstand hört in Frankfurt auf
Sport,02.03.2021 14:02,"Schlimmster Ausbruch seit vielen Jahrzehnten"
Sport,02.03.2021 12:44,Derbyniederlage Unruhe Aufstieg in Gefahr
Sport,02.03.2021 10:52,Nachfolger des entlassenen Uwe Neuhaus
Sport,02.03.2021 09:01,Schon das Hinspiel fand in Ungarn statt
